title,authors,pdf_link,release_date
Payload boosts in ePBS - Proof-of-Stake - Ethereum Research,https://ethresear.ch/u/potuz,https://ethresear.ch/t/payload-boosts-in-epbs/18769,2024-02-23
Forward inclusion list - HackMD,fradamt,https://notes.ethereum.org/@fradamt/forward-inclusion-lists,nan
Solana Validator Economics: A Primer,Ryan Chern,https://www.helius.dev/blog/solana-validator-economics-a-primer,2024-01-11
An Incomplete Guide to Rollups,Vitalik Buterin,https://vitalik.eth.limo/general/2021/01/05/rollup.html,2021-01-05
Security system starts with the testing: how to properly battle test your smart contracts | by Bloqarl | Rektoff | Medium,Bloqarl,https://medium.com/rektoff/a-security-system-starts-with-the-testing-how-to-properly-battle-test-your-smart-contracts-4dd3a7538959,2023-12-05
Redefining Sequencers: Understanding the Aggregator and the Header Producer | by NashQ | Medium,NashQ,https://medium.com/@nashqueue/redefining-sequencers-understanding-the-aggregator-and-the-header-producer-76ee198dd4,2023-07-12
Christmas Special,Vitalik Buterin,https://vitalik.eth.limo/general/2019/12/24/christmas.html,2019-12-24
Juno v.0.4.0: Production-ready. Nethermind‚Äôs Starknet client‚Ä¶ | by Rian Hughes | Nethermind.eth | Medium,Rian Hughes,https://medium.com/nethermind-eth/juno-0-4-production-ready-a15078397627,2023-07-26
Escaping the Dark Forest,samczsun,https://www.paradigm.xyz/2020/09/escaping-the-dark-forest,2020-09-24
"MEV for the Next Trillion, It's Time to Get Serious‚Ä¶",https://collective.flashbots.net/u/flashbots,https://writings.flashbots.net/mev-for-the-next-trillion,2022-10-11
Web3 business strategy,Scott Duke Kominers,https://a16zcrypto.com/posts/videos/web3-business-strategy/,2023-07-14
On Free Speech,Vitalik Buterin,https://vitalik.eth.limo/general/2019/04/16/free_speech.html,2019-04-16
How to white hat a smart contract,,,
"Flashbots Transparency Report: SUAVE Centauri, MEV-Share CTF, PBS Guild & EthCC - The Flashbots Ship - The Flashbots Collective",https://collective.flashbots.net/u/Fred,https://collective.flashbots.net/t/flashbots-transparency-report-suave-centauri-mev-share-ctf-and-pbs-guild/2264,2023-08-25
Analyzing BFT & Proposer-Promised Preconfirmations - HackMD,EspressoSystems,https://hackmd.io/@EspressoSystems/bft-and-proposer-promised-preconfirmations,2023-12-22
Revolutionizing DeFi: How AI Enhances Smart Contract Security | by Bloqarl | Medium,Bloqarl,https://medium.com/@bloqarl/revolutionizing-defi-how-ai-enhances-smart-contract-security-030b15418f62,2023-12-04
Announcing Suave-std - SUAVE - The Flashbots Collective,https://collective.flashbots.net/u/ferranbt,https://collective.flashbots.net/t/announcing-suave-std/3043/1,2024-02-12
Block Building inside SGX,"https://collective.flashbots.net/u/metachris, https://collective.flashbots.net/u/frieder",https://writings.flashbots.net/block-building-inside-sgx,2023-03-03
Relays in a post-ePBS world - Proof-of-Stake - Ethereum Research,https://ethresear.ch/u/mikeneuder,https://ethresear.ch/t/relays-in-a-post-epbs-world/16278,2023-08-04
Solana Dev101- How to get the holders of an NFT collection (Snapshot),Owen Venter,https://www.helius.dev/blog/nft-holder-snapshots,2024-01-10
Leaderless Auctions,nan,https://www.paradigm.xyz/2024/02/leaderless-auctions,nan
How can bonding curves help align DAO stakeholders?,Karim Halabi,https://outlierventures.io/article/bonding-curves-and-a-prelude-to-sptokens/,2023-03-15
AugmentHack - HackMD,sxysun,https://hackmd.io/@sxysun/hackideas,2023-07-18
FRP-26: Credible Commitments via Open Games - FRPs - Flashbots Research Proposals - The Flashbots Collective,https://collective.flashbots.net/u/system,https://collective.flashbots.net/t/frp-26-credible-commitments-via-open-games/1616,2022-12-06
"MEV Driven Centralization in Ethereum: Part 2 | by Simon Brown | Dec, 2022 | Medium",succulent-throat-0ce,https://succulent-throat-0ce.notion.site/MEV-Driven-Centralization-in-Ethereum-Part-2-by-Simon-Brown-Dec-2022-Medium-507efc380b454791b362dddc7e2e066c,nan
"zkSync Insufficient Proof Verification Bugfix Review | by Immunefi Editor | Immunefi | Feb, 2024 | Medium",Immunefi Editor,https://medium.com/immunefi/zksync-insufficient-proof-verification-bugfix-review-dcd57944d0e2,2024-02-09
[Mirror] Exploring Elliptic Curve Pairings,Vitalik Buterin,https://vitalik.eth.limo/general/2017/01/14/exploring_ecp.html,2017-01-14
Vampire attacks: A theory (and thread) on 'blood sucking' platform competition,nan,https://a16zcrypto.com/posts/article/vampire-attacks-competition/,nan
"Batching, Bidding and Latency",flashbots,https://flashbots.notion.site/Batching-Bidding-and-Latency-db23db03ca4745df9409289283cd4d1b,nan
Different types of layer 2s,Vitalik Buterin,https://vitalik.eth.limo/general/2023/10/31/l2types.html,2023-10-31
MEV Auction: Auctioning transaction ordering rights as a solution to Miner Extractable Value - Economics - Ethereum Research,https://ethresear.ch/u/karl,https://ethresear.ch/t/mev-auction-auctioning-transaction-ordering-rights-as-a-solution-to-miner-extractable-value/6788,2020-01-15
Non-Expiring Inclusion Lists (NE-ILs) - Proof-of-Stake - Ethereum Research,https://ethresear.ch/u/Nerolation,https://ethresear.ch/t/cumulative-non-expiring-inclusion-lists/16520,2023-08-31
Beginner's Guide to mev-boost,https://collective.flashbots.net/u/jolene,https://writings.flashbots.net/beginners-guide-mevboost,2022-06-15
How to monitor Starknet wallets. Learn how to build a Starknet wallet‚Ä¶ | by Jelilat Anofiu | Nethermind.eth | Medium,Jelilat Anofiu,https://medium.com/nethermind-eth/how-to-monitor-starknet-wallets-f500845a1030,2023-08-18
"Block Builder Decentralization is coming, but maybe not so soon",succulent-throat-0ce,https://succulent-throat-0ce.notion.site/Block-Builder-Decentralization-is-coming-but-maybe-not-so-soon-6e54e7d7e1d34d61af55e5d98a51eb8b,nan
The Orderflow Auction Design Space,by Stephane Gosselin & Ankit Chiplunkar for Frontier Research in collaboration with Consensys Research,https://frontier.tech/the-orderflow-auction-design-space,nan
Verifying a smart contract on Voyager | by Chen Wen Kang | Nethermind.eth | Medium,Chen Wen Kang,https://medium.com/nethermind-eth/verifying-a-starknet-smart-contract-on-voyager-3c2f127e84f6,2023-03-13
"Swap Fees Are For Losers: Introducing DeltaSwap, The First Feeless Spot DEX | by DeFi Devin | Jan, 2024 | Medium",DeFi Devin,https://medium.com/@defidevin/swap-fees-are-for-losers-introducing-deltaswap-the-first-feeless-spot-dex-c88b7b1ed340,2024-01-23
FRP-34: Do backrun auctions protect traders? - FRPs - Flashbots Research Proposals - The Flashbots Collective,https://collective.flashbots.net/u/awmacp,https://collective.flashbots.net/t/frp-34-do-backrun-auctions-protect-traders/2977,2024-01-25
LVR-minimization in Uniswap V4 - Decentralized exchanges - Ethereum Research,https://ethresear.ch/u/The-CTra1n,https://ethresear.ch/t/lvr-minimization-in-uniswap-v4/15900,2023-06-16
Announcing the Flashbots Eth2 Working Group,https://collective.flashbots.net/u/thegostep,https://writings.flashbots.net/announcing-eth2-working-group,2021-11-30
11 Advanced Solidity Gas Optimization Tips,,,
"STARKPack: Aggregating STARKs for shorter proofs and faster verification | by Jivanyan | Nethermind.eth | Jan, 2024 | Medium",Jivanyan,https://medium.com/nethermind-eth/starkpack-aggregating-starks-for-shorter-proofs-and-faster-verification-8c78a5c26291,2024-01-31
Espresso HotShot: Consensus Designed for Rollups | by Espresso Systems | Medium,Espresso Systems,https://medium.com/@espressosys/espresso-hotshot-consensus-designed-for-rollups-b080ba7362d1,2022-11-28
What is fuzzing (fuzz tests) - Cybersecurity and Smart Contracts,,,
Cardano‚Äôs Move to Polkadot and Substrate ‚Äî Revolutionizing Blockchain Interoperability | by Bloqarl | Medium,Bloqarl,https://medium.com/@bloqarl/cardanos-move-to-polkadot-and-substrate-revolutionizing-blockchain-interoperability-1821e2378cfd,2023-11-04
FRP-35: Pair Trading Opportunities as a form of MEV - FRPs - Flashbots Research Proposals - The Flashbots Collective,https://collective.flashbots.net/u/Antero,https://collective.flashbots.net/t/frp-35-pair-trading-opportunities-as-a-form-of-mev/2887,2024-01-12
Solana Dev 101 - How to Mint an NFT on Solana,Owen Venter,https://www.helius.dev/blog/how-to-mint-an-nft-on-solana,2023-06-19
Consider the ePBS - HackMD,mikeneuder,https://notes.ethereum.org/@mikeneuder/consider-the-epbs,nan
A Philosophy of Blockchain Validation,Vitalik Buterin,https://vitalik.eth.limo/general/2020/08/17/philosophy.html,2020-08-17
‚îª‚î≥ The ACCretion. The next phase of Tokemak is all about‚Ä¶ | by Tokemak | Tokemak | Medium,Tokemak,https://medium.com/tokemak/the-accretion-3e348c1be5ca,2022-05-25
Make Ethereum Cypherpunk Again,Vitalik Buterin,https://vitalik.eth.limo/general/2023/12/28/cypherpunk.html,2023-12-28
Quantifying MEV: Introducing MEV-Explore v0 | by Alex Obadia | Flashbots | Medium,Alex Obadia,https://medium.com/flashbots/quantifying-mev-introducing-mev-explore-v0-5ccbee0f6d02,2021-02-22
Boost your MEV in Ethereum proof-of-stake,"https://collective.flashbots.net/u/metachris, https://collective.flashbots.net/u/elopio",https://writings.flashbots.net/mev-boost-call-for-testing,2022-06-20
Decentralization of token distributions | by jooooo5as | gyroscope-protocol | Medium,jooooo5as,https://medium.com/gyroscope-protocol/decentralization-of-token-distributions-e472f8b52f4a,2021-10-12
"The Cross-Domain Thesis Part 2: Storage Proofs, Computation, and‚Ä¶ ‚Äî Maven11 Research",Maven11 Research,https://maven11.mirror.xyz/3NqfzBemyvI9a0fhun7flOc20oq5XlXzOqphvKk5pxs,2023-10-05
Quantifying Realized Extractable Value,https://collective.flashbots.net/u/alejo,https://writings.flashbots.net/quantifying-rev,2021-05-16
Why Cooperative AI and Blockchain Researchers Should Collaborate - HackMD,sxysun,https://hackmd.io/@sxysun/coopaimev,2023-05-18
DAOs are not corporations: where decentralization in autonomous organizations matters,Vitalik Buterin,https://vitalik.eth.limo/general/2022/09/20/daos.html,2022-09-20
What in the Ethereum application ecosystem excites me,Vitalik Buterin,https://vitalik.eth.limo/general/2022/12/05/excited.html,2022-12-05
Sirrah: Speedrunning a TEE Coprocessor,https://collective.flashbots.net/u/amiller,https://writings.flashbots.net/suave-tee-coprocessor,2024-01-25
Designing the Espresso Sequencer: Combining HotShot Consensus with Tiramisu DA - HackMD,EspressoSystems,https://hackmd.io/@EspressoSystems/HotShot-and-Tiramisu,2023-07-19
Payload-timeliness committee (PTC) ‚Äì an ePBS design - Proof-of-Stake - Ethereum Research,https://ethresear.ch/u/mikeneuder,https://ethresear.ch/t/payload-timeliness-committee-ptc-an-epbs-design/16054,2023-07-06
EVM Deep Dives: The Path to Shadowy Super Coder ü•∑ üíª - Part 1,nan,https://noxx.substack.com/p/evm-deep-dives-the-path-to-shadowy?s=r&ref=zaryabs.com,nan
Gas Gambits ‚Äî Game Theory Example of Incentivized Collaboration | by KeeperDAO | KeeperDAO | Medium,KeeperDAO,https://medium.com/keeperdao/gas-gambits-game-theory-example-of-incentivized-collaboration-9a42e9c9b867,2020-07-27
Cairo Coding Guidelines. by Massil Achab and Kalzak. | by Massil Achab | Nethermind.eth | Medium,Massil Achab,https://medium.com/nethermind-eth/cairo-coding-guidelines-74eb6f4ee264,2022-09-23
"What might an ""enshrined ZK-EVM"" look like? - HackMD",vbuterin,https://notes.ethereum.org/@vbuterin/enshrined_zk_evm,nan
The roads not taken,Vitalik Buterin,https://vitalik.eth.limo/general/2022/03/29/road.html,2022-03-29
MEV Markets Part 1: Proof of Work ‚Äî 0xShitTrader,0xShitTrader,https://mirror.xyz/0xshittrader.eth/WiV8DM3I6abNMVsXf-DqioYb2NglnfjmM-zSsw2ruG8,2022-08-26
Liquidity Mining on Uniswap v3,Dan Robinson,https://www.paradigm.xyz/2021/05/liquidity-mining-on-uniswap-v3,2021-05-18
Validator Smoothing Commitments - Proof-of-Stake - Ethereum Research,https://ethresear.ch/u/jvranek,https://ethresear.ch/t/validator-smoothing-commitments/17356,2023-11-08
Unpacking ERC-4337,by Ankit Chiplunkar for Frontier Research,https://frontier.tech/unpacking-erc-4337,nan
Progressive decentralization: a high-level framework,nan,https://a16zcrypto.com/posts/article/progressive-decentralization-a-high-level-framework/,nan
[Mirror] Central Planning as Overfitting,Vitalik Buterin,https://vitalik.eth.limo/general/2018/11/25/central_planning.html,2018-11-25
Intent-Based Architectures and Their Risks,nan,https://www.paradigm.xyz/2023/06/intents,nan
SUAVE Bridge - #8 by pbj - SUAVE - The Flashbots Collective,https://collective.flashbots.net/u/dmarz,https://collective.flashbots.net/t/suave-bridge/2696/8,2024-02-05
MEV Resilient Ethereum - HackMD,RMFhKOrSSEWxmqjZMOT1Ag,https://notes.ethereum.org/@RMFhKOrSSEWxmqjZMOT1Ag/rJb_cq8Co,nan
The Most Important Scarce Resource is Legitimacy,Vitalik Buterin,https://vitalik.eth.limo/general/2021/03/23/legitimacy.html,2021-03-23
Smart Contract Auditing Roadmap 2023 | Medium,Bloqarl,https://medium.com/@bloqarl/how-can-i-learn-about-smart-contract-auditing-from-zero-week-1-learning-roadmap-4347785e6f9b,2023-05-03
Learn Web3 Development For Free | Top 9 Courses,,,
Shared sequencer for MEV protection and profitable marketplace - Layer 2 - Ethereum Research,https://ethresear.ch/u/0xTariz,https://ethresear.ch/t/shared-sequencer-for-mev-protection-and-profitable-marketplace/15313,2023-04-16
[Mirror] Zk-SNARKs: Under the Hood,Vitalik Buterin,https://vitalik.eth.limo/general/2017/02/01/zk_snarks.html,2017-02-01
Under the hood of Cairo 1.0: Exploring Sierra | by Mathieu | Nethermind.eth | Medium,Mathieu,https://medium.com/nethermind-eth/under-the-hood-of-cairo-1-0-exploring-sierra-7f32808421f5,2023-04-13
Writing an Ethereum Consensus Client: Lessons & Future,nan,https://terencechain.substack.com/p/writing-an-ethereum-consensus-client,nan
The Cost of Resilience,"https://collective.flashbots.net/u/elaine, https://collective.flashbots.net/u/alejo, https://collective.flashbots.net/u/hasu",https://writings.flashbots.net/the-cost-of-resilience,2022-11-22
AI Code Debugger | How to debug anything with AI,,,
What even is an institution?,Vitalik Buterin,https://vitalik.eth.limo/general/2022/12/30/institutions.html,2022-12-30
Trust Models,Vitalik Buterin,https://vitalik.eth.limo/general/2020/08/20/trust.html,2020-08-20
The Triangle of Harm,Vitalik Buterin,https://vitalik.eth.limo/general/2017/07/16/triangle_of_harm.html,2017-07-16
MEV and EIP-1559,"https://collective.flashbots.net/u/alejo, https://collective.flashbots.net/u/kristof",https://writings.flashbots.net/mev-1559,2021-07-19
What is Firedancer? A Deep Dive into Solana 2.0,0xIchigo,https://www.helius.dev/blog/what-is-firedancer,2023-12-03
Order Flows: Kingmaker of the Block Builders üëë,nan,https://noxx.substack.com/p/order-flows-kingmaker-of-the-block,nan
Control as Liability,Vitalik Buterin,https://vitalik.eth.limo/general/2019/05/09/control_as_liability.html,2019-05-09
Quadratic Payments: A Primer,Vitalik Buterin,https://vitalik.eth.limo/general/2019/12/07/quadratic.html,2019-12-07
Listening to On-chain Events on Solana,Mert Mumtaz,https://www.helius.dev/blog/solana-data-streaming,2024-01-11
How do trusted setups work?,Vitalik Buterin,https://vitalik.eth.limo/general/2022/03/14/trustedsetup.html,2022-03-14
MEV-SGX -- A sealed bid MEV auction design,https://collective.flashbots.net/u/robert,https://writings.flashbots.net/mev-sgx,2021-05-31
"A First Look at Cairo 1.0: A Safer, Stronger & Simpler Provable Programming Language | by Mathieu | Nethermind.eth | Medium",Mathieu,https://medium.com/nethermind-eth/a-first-look-at-cairo-1-0-a-safer-stronger-simpler-provable-programming-language-892ce4c07b38,2022-12-30
Protecc‚Äôed Execution on Orderflow - SUAVE - The Flashbots Collective,https://collective.flashbots.net/u/dmarz,https://collective.flashbots.net/t/protecc-ed-execution-on-orderflow/3113,2024-02-27
"The zkSync Era Remix Plugin: A How-To Guide | by Bohdan Ohorodnii | Nethermind.eth | Jan, 2024 | Medium",Bohdan Ohorodnii,https://medium.com/nethermind-eth/the-zksync-era-remix-plugin-a-how-to-guide-fc54e8d24bd3,2024-01-15
"Post mortem: April 3rd, 2023 mev-boost relay incident and related timing issue - The Flashbots Ship - The Flashbots Collective",https://collective.flashbots.net/u/bert,https://collective.flashbots.net/t/post-mortem-april-3rd-2023-mev-boost-relay-incident-and-related-timing-issue/1540,2023-04-04
Quantifying Info I: Quantifying The Information Leakage of Computing on Encrypted Transactions - Research - The Flashbots Collective,https://collective.flashbots.net/u/Quintus,https://collective.flashbots.net/t/quantifying-info-i-quantifying-the-information-leakage-of-computing-on-encrypted-transactions/1752,2023-05-08
Rollups Aren‚Äôt Real,Jon Charbonneau,https://dba.xyz/rollups-arent-real/,2023-03-18
State of research: increasing censorship resistance of transactions under proposer/builder separation (PBS) - HackMD,vbuterin,https://notes.ethereum.org/@vbuterin/pbs_censorship_resistance,nan
"order flow, auctions and centralisation I - a warning",https://collective.flashbots.net/u/quintus,https://writings.flashbots.net/order-flow-auctions-and-centralisation,2022-09-12
The Preconfirmation Gateway ~ Unlocking Preconfirmations: From User to Preconfer - Layer 2 - Ethereum Research,https://ethresear.ch/u/mteam88,https://ethresear.ch/t/the-preconfirmation-gateway-unlocking-preconfirmations-from-user-to-preconfer/18812,2024-02-27
"order flow, auctions and centralisation II - order flow auctions",https://collective.flashbots.net/u/quintus,https://writings.flashbots.net/order-flow-auctions-and-centralisation-II,2022-09-19
MEV is disappearing,Yellow Propeller,https://www.propellerheads.xyz/blog/mev-is-dead-long-live-mev,2023-07-14
Aave <> StarkNet Bridge. by Massil Achab | by Massil Achab | Nethermind.eth | Medium,Massil Achab,https://medium.com/nethermind-eth/aave-starknet-bridge-9de6797c4ada,2022-12-06
The bulldozer vs vetocracy political axis,Vitalik Buterin,https://vitalik.eth.limo/general/2021/12/19/bullveto.html,2021-12-19
The dream of redistributing the extracted value - Research - The Flashbots Collective,https://collective.flashbots.net/u/chayoterabit,https://collective.flashbots.net/t/the-dream-of-redistributing-the-extracted-value/642,2022-10-27
The Revenue-Evil Curve: a different way to think about prioritizing public goods funding,Vitalik Buterin,https://vitalik.eth.limo/general/2022/10/28/revenue_evil.html,2022-10-28
Verkle trees,Vitalik Buterin,https://vitalik.eth.limo/general/2021/06/18/verkle.html,2021-06-18
What is a Blockchain Bridge | A guide on crypto multi-chain,,,
Fair Exchange in Proposer-Builder Separation - HackMD,EspressoSystems,https://hackmd.io/@EspressoSystems/fair-exchange-in-proposer-builder-separation,2023-10-12
The Derivation Pipeline - HackMD,EspressoSystems,https://hackmd.io/@EspressoSystems/the-derivation-pipeline,2023-11-30
"Nethermind client: 3 Experimental Approaches to State Database Change | by Nethermind | Nethermind.eth | Jan, 2024 | Medium",Nethermind,https://medium.com/nethermind-eth/nethermind-client-3-experimental-approaches-to-state-database-change-8498e3d89771,2024-01-11
The cost of artificial latency in the PBS context - Economics - Ethereum Research,https://ethresear.ch/u/umbnat92,https://ethresear.ch/t/the-cost-of-artificial-latency-in-the-pbs-context/17847,2023-12-15
Validator Timing Game Post EIP4844 - Block proposer - Ethereum Research,https://ethresear.ch/u/terence,https://ethresear.ch/t/validator-timing-game-post-eip4844/18129,2024-01-03
"L1s vs. L2s, Rollups vs. Integrated, General-purpose vs. App-specific",Jon Charbonneau,https://dba.xyz/l1s-vs-l2s-rollups-vs-integrated-general-purpose-vs-app-specific/,2023-12-08
Why AI? - HackMD,sxysun,https://hackmd.io/@sxysun/crypto-ai,2023-05-18
"NFT Sales: Clearing the Market, Avoiding Gas Wars",nan,https://a16zcrypto.com/posts/article/nft-sales-market-clearing-gas-wars-auction-mechanism-design-for-builders/,nan
Warp 2.0 ‚Äî Transpiling Directly From Solidity to Cairo | by Guy McComb | Nethermind.eth | Medium,Guy McComb,https://medium.com/nethermind-eth/warp-2-0-transpiling-directly-from-solidity-to-cairo-9bf41a6d26ee,2022-07-05
MEV-Boost -- Merge ready Flashbots Architecture,https://collective.flashbots.net/u/thegostep,https://writings.flashbots.net/mev-boost,2021-11-03
Concurrent Block Proposers in Ethereum - Block proposer - Ethereum Research,https://ethresear.ch/u/mikeneuder,https://ethresear.ch/t/concurrent-block-proposers-in-ethereum/18777,2024-02-23
Protocol and staking pool changes that could improve decentralization and reduce consensus overhead - HackMD,vbuterin,https://notes.ethereum.org/@vbuterin/staking_2023_10,nan
The price is right: Realigning proposer-builder incentives with predictive MEV-burn - Economics - Ethereum Research,https://ethresear.ch/u/soispoke,https://ethresear.ch/t/the-price-is-right-realigning-proposer-builder-incentives-with-predictive-mev-burn/18656,2024-02-12
Introduction to Horus ‚Äî Part 2. Formal verification of an automated‚Ä¶ | by Julian Sutherland | Nethermind.eth | Medium,Julian Sutherland,https://medium.com/nethermind-eth/introduction-to-horus-part-2-3dbc77dcdb4a,2023-04-07
Best Web3 Wallets | Safest ways to store your crypto,,,
When To Sell Your Blocks - Research - The Flashbots Collective,https://collective.flashbots.net/u/Quintus,https://collective.flashbots.net/t/when-to-sell-your-blocks/2814,2023-12-14
"Ethereum Proposer-Builder Separation: Past, Present, and Future ‚Äî Chaskin OnChain",Chaskin OnChain,https://mirror.xyz/0x218932707a30bE62Ef8559d32d954863933b412f/MhJM9li409wxuOSYaw5EcLjUQoLSx5iYZXZNgMZU4uM,2023-09-18
Properties of issuance level: consensus incentives and variability across potential reward curves - Economics - Ethereum Research,https://ethresear.ch/u/aelowsson,https://ethresear.ch/t/properties-of-issuance-level-consensus-incentives-and-variability-across-potential-reward-curves/18448,2024-01-24
Presenting: VeeDo. a STARK-based VDF Service | by StarkWare | StarkWare | Medium,StarkWare,https://medium.com/starkware/presenting-veedo-e4bbff77c7ae,2020-06-23
How much can we constrain builders without bringing back heavy burdens to proposers? - Proof-of-Stake - Ethereum Research,https://ethresear.ch/u/vbuterin,https://ethresear.ch/t/how-much-can-we-constrain-builders-without-bringing-back-heavy-burdens-to-proposers/13808,2022-10-01
Fun and games with inclusion lists - Economics - Ethereum Research,https://ethresear.ch/u/barnabe,https://ethresear.ch/t/fun-and-games-with-inclusion-lists/16557,2023-09-06
N/A,,,
PEPC FAQ,efdn,https://efdn.notion.site/PEPC-FAQ-0787ba2f77e14efba771ff2d903d67e4,nan
The Solana Programming Model: An Introduction to Developing on Solana,0xIchigo,https://www.helius.dev/blog/the-solana-programming-model-an-introduction-to-developing-on-solana,2023-11-17
Sidechains vs Plasma vs Sharding,Vitalik Buterin,https://vitalik.eth.limo/general/2019/06/12/plasma_vs_sharding.html,2019-06-12
The road to Ethereum,nan,https://barnabe.substack.com/p/eth2,nan
How Solana RPCs Work,Mert Mumtaz,https://www.helius.dev/blog/how-solana-rpcs-work,2023-07-24
Does your product need a token?,Jan Baeriswyl,https://outlierventures.io/article/does-your-product-need-a-token/,2023-01-25
Ken Griffin and the MEV dystopia,https://collective.flashbots.net/u/thegostep,https://writings.flashbots.net/ken-griffin-mev,2021-11-22
"EIP-4844, Blobs, and Blob Gas: What you need to know",Bert Kellerman,https://www.blocknative.com/blog/eip-4844-blobs-and-blob-gas-what-you-need-to-know,2024-02-07
Rollups Are L1s (& L2s),Jon Charbonneau,https://dba.xyz/rollups-are-l1s-l2s-a-k-a-how-rollups-actually-actually-actually-work/,2023-05-26
Uniswap v3 liquidity formula explained | by Atis E | Medium,Atis E,https://atise.medium.com/uniswap-v3-liquidity-formula-explained-de8bd42afc3c,2022-01-09
Protocol Guild Pledge ‚Äî Tim Beiko,Tim Beiko,https://tim.mirror.xyz/srVdVopOFhD_ZoRDR50x8n5wmW3aRJIrNEAkpyQ4_ng,2024-01-30
Diving Into The Ethereum VM Part 2 ‚Äî How I Learned To Start Worrying And Count The Storage Cost | by zh | Medium,zh,https://medium.com/@hayeah/diving-into-the-ethereum-vm-part-2-storage-layout-bc5349cb11b7,2017-08-14
Upgradable Smart Contracts | What is a Smart Contract Proxy Pattern?,,,
A Comprehensive Guide to Blockchain Replay Attacks,,,
Introducing the CAKE framework,by Ankit Chiplunkar & Stephane Gosselin for Frontier Research,https://frontier.tech/the-cake-framework,nan
Exploration of MEV Latencies,by 0xTaker in collaboration with Frontier Research,https://frontier.tech/exploration-of-mev-latencies,2023-04-26
UI Update: Exchange Voting is Live | by Tokemak | Tokemak | Medium,Tokemak,https://medium.com/tokemak/ui-update-exchange-voting-is-live-d221ec44326c,2022-01-20
The next steps in DEX design,by Markus Schmitt of PropellerHeads in collaboration with Frontier Research,https://frontier.tech/the-next-steps-in-dex-design,2023-06-02
MEV auctions considered harmful. Front-running is a persistent problem‚Ä¶ | by Ed Felten | Offchain Labs | Medium,Ed Felten,https://medium.com/offchainlabs/mev-auctions-considered-harmful-fa72f61a40ea,2020-05-26
"Top 5 Web3 Developer Tools |  Languages, frameworks, and security",,,
Properties of issuance level (part 1) - HackMD,anderselowsson,https://notes.ethereum.org/@anderselowsson/HyUIqjo_6,nan
Launching the PBS Foundation: Working Together to Keep Ethereum‚Äôs Consensus Layer Decentralized,pbsfoundation,https://pbsfoundation.notion.site/Launching-the-PBS-Foundation-Working-Together-to-Keep-Ethereum-s-Consensus-Layer-Decentralized-4cd7cb83907248b5ae8962d10eef0b70,nan
MEV and EIP-1559 - HackMD,flashbots,https://hackmd.io/@flashbots/MEV-1559,2021-07-08
"Proof of History, Proof of Stake, Proof of Work - Explained",0xIchigo,https://www.helius.dev/blog/proof-of-history-proof-of-stake-proof-of-work-explained,2023-10-09
The Future of MEV is SUAVE,https://collective.flashbots.net/u/flashbots,https://writings.flashbots.net/the-future-of-mev-is-suave,2022-11-23
Why Proof of Stake (Nov 2020),Vitalik Buterin,https://vitalik.eth.limo/general/2020/11/06/pos2020.html,2020-11-06
Don't overload Ethereum's consensus,Vitalik Buterin,https://vitalik.eth.limo/general/2023/05/21/dont_overload.html,2023-05-21
Speeding up the EVM (part 1),https://collective.flashbots.net/u/sxysun,https://writings.flashbots.net/speeding-up-evm-part-1,2022-01-17
"The L1 vs L2 Landscape: Understanding the Design Differences, Tradeoffs, and Endgames",Ryan Chern,https://www.helius.dev/blog/the-l1-vs-l2-landscape,2023-12-13
What Are Staking Derivatives?. pSTAKE is a liquid staking solution‚Ä¶ | by Citadel.One | Citadel.One | Medium,Citadel.One,https://medium.com/citadel-one/what-are-staking-derivatives-8fd86ed315a2,2022-04-05
Execution Tickets - Economics - Ethereum Research,https://ethresear.ch/u/mikeneuder,https://ethresear.ch/t/execution-tickets/17944,2023-12-23
"FRP-23: Constant Function Market Making, Social Welfare and Maximal Extractable Value - FRPs - Flashbots Research Proposals - The Flashbots Collective",https://collective.flashbots.net/u/nikete,https://collective.flashbots.net/t/frp-23-constant-function-market-making-social-welfare-and-maximal-extractable-value/752,2022-11-21
Having a safe CEX: proof of solvency and beyond,Vitalik Buterin,https://vitalik.eth.limo/general/2022/11/19/proof_of_solvency.html,2022-11-19
"How to Slash Misbehavior in Threshold Decryption | by Dan Boneh | Jan, 2024 | Medium",Dan Boneh,https://medium.com/@boneh/how-to-slash-misbehavior-in-threshold-decryption-0888af5ae3b6,2024-01-09
Solana Dev 101 - Mint SPL Tokens on Solana,Hunter Davis,https://www.helius.dev/blog/working-with-solana-tokens,2023-06-19
What is a Smart Contract Security Audit?,,,
"The Liquid Staking Rush. By Joel Kahil, Benn Glorfield, and Eli‚Ä¶ | by DeFi Scientist | Nethermind.eth | Medium",DeFi Scientist,https://medium.com/nethermind-eth/the-liquid-staking-rush-1977aef2bad0,2023-03-24
The NFT MEV Landscape,by Alana Levin at Variant Fund in collaboration with Frontier Research,https://frontier.tech/the-nft-mev-landscape,2023-03-29
Proposer/block builder separation-friendly fee market designs - Economics - Ethereum Research,https://ethresear.ch/u/vbuterin,https://ethresear.ch/t/proposer-block-builder-separation-friendly-fee-market-designs/9725,2021-06-04
Tokemak x Zealy Campaign & Upcoming Awareness Initiatives | by Tokemak | Tokemak | Medium,Tokemak,https://medium.com/tokemak/tokemak-x-zealy-campaign-upcoming-awareness-initiatives-d11365383a0e,2023-05-23
Optimistic relays and where to find them,by Ankit Chiplunkar of Frontier Research and Mike Neuder of the Ethereum Foundation,https://frontier.tech/optimistic-relays-and-where-to-find-them,2023-04-19
Smart Contract Hacking course: Was it worth to pay for it? Did I learn much? | by Bloqarl | Medium,Bloqarl,https://medium.com/@bloqarl/smart-contract-hacking-course-was-it-worth-to-pay-for-it-did-i-learn-much-ddd1c775cf26,2023-04-02
üó≥Ô∏è Commitment-Satisfaction Committees: An In-Protocol Solution to PEPC - Proof-of-Stake - Ethereum Research,https://ethresear.ch/u/diego,https://ethresear.ch/t/commitment-satisfaction-committees-an-in-protocol-solution-to-pepc/17055,2023-10-12
On Nathan Schneider on the limits of cryptoeconomics,Vitalik Buterin,https://vitalik.eth.limo/general/2021/09/26/limits.html,2021-09-26
Flashbots on Reorgs,https://collective.flashbots.net/u/phil,https://writings.flashbots.net/flashbots-reorgs,2021-07-16
Shared Sequencing: Defragmenting the L2 Rollup Ecosystem - HackMD,EspressoSystems,https://hackmd.io/@EspressoSystems/SharedSequencing,2023-04-17
"Hard Forks, Soft Forks, Defaults and Coercion",Vitalik Buterin,https://vitalik.eth.limo/general/2017/03/14/forks_and_markets.html,2017-03-14
PROF: Fair Transaction-Ordering in a Profit-Seeking World | by IC3 | Medium,IC3,https://initc3org.medium.com/prof-fair-transaction-ordering-in-a-profit-seeking-world-b6dadd71f086,2023-04-17
Discrimination of Toxic Flow in Uniswap V3: Part 3 | by CrocSwap | Medium,CrocSwap,https://crocswap.medium.com/discrimination-of-toxic-flow-in-uniswap-v3-part-3-4afb386311c0,2023-02-27
Secrets of The Token Sale: What is Token Design?,Matus Steis,https://outlierventures.io/article/secrets-of-the-token-sale-what-is-token-design/,2022-03-02
On the Design of MEV Marketplaces,https://collective.flashbots.net/u/robert,https://writings.flashbots.net/design-mev-marketplaces,2021-08-04
All Systems Go for accTOKE and Rewards Logic Update | by Tokemak | Tokemak | Medium,Tokemak,https://medium.com/tokemak/all-systems-go-for-acctoke-and-rewards-logic-update-d5f0ecf34629,2022-11-30
Introducing Multiplicity,Duality Labs,https://blog.duality.xyz/introducing-multiplicity/,2023-03-04
Risk Management Case Study: Agora / Metis | by Gauntlet | Gauntlet | Medium,Gauntlet,https://medium.com/gauntlet-networks/risk-management-case-study-agora-metis-9a304ce46de0,2023-07-13
Liquidity Bootstrapping Pool by Shutter DAO 0x36 Has Closed - The Numbers,Shutter.network,https://blog.shutter.network/liquidity-bootstrapping-pool-by-shutter-dao-0x36-has-closed-the-numbers/,2024-02-28
mev-boost improvement proposal #0 - HackMD,ralexstokes,https://notes.ethereum.org/@ralexstokes/mbip-0,nan
Trading in the Dark: Measuring Reordering Slippage in MEV,by Evan Kim and Murat Akdeniz of Primev in collaboration with Frontier,https://frontier.tech/measuring-reordering-slippage-in-mev,nan
What‚Äôs the Utility of your Token?,Jan Baeriswyl,https://outlierventures.io/article/token-utility-canvas/,2023-03-24
2FA zk-rollups using SGX - zk-s[nt]arks - Ethereum Research,https://ethresear.ch/u/JustinDrake,https://ethresear.ch/t/2fa-zk-rollups-using-sgx/14462,2022-12-21
Evaluating Solana for Enterprise Use: A Comprehensive Guide,0xIchigo,https://www.helius.dev/blog/evaluating-solana-for-enterprise-use-a-comprehensive-guide,2023-10-24
Smart Contract Fuzz Tests Using Foundry | Full guide (updated),,,
Hard Problems in Cryptocurrency: Five Years Later,,,
Sorting out Distributed Validator Technology - Nethermind.eth - Medium,Isaac Villalobos,https://medium.com/nethermind-eth/sorting-out-distributed-validator-technology-a6f8ca1bbce3,2022-08-03
MEV: The Next Five Years. That‚Äôs right I just won‚Äôt shut up | by James Prestwich | Medium,James Prestwich,https://medium.com/@Prestwich/mev-the-next-five-years-63f84fffdf36,2023-01-10
Understanding PLONK,Vitalik Buterin,https://vitalik.eth.limo/general/2019/09/22/plonk.html,2019-09-22
mevAuction: a Multiple-Winner Auction System,mev.io,https://blog.mev.io/posts/mevAuction-system,2024-02-09
State Lock Auctions: Towards Collaborative Block Building - Block proposer - Ethereum Research,https://ethresear.ch/u/dmarz,https://ethresear.ch/t/state-lock-auctions-towards-collaborative-block-building/18558,2024-02-03
Towards an intent-centric topology [draft] - Comparative Architecture - Anoma | Research & Development Forum,https://research.anoma.net/u/cwgoes,https://research.anoma.net/t/towards-an-intent-centric-topology-draft/214,2023-08-25
Discrimination of Toxic Flow in Uniswap V3: Part 1 | by CrocSwap | Medium,CrocSwap,https://crocswap.medium.com/discrimination-of-toxic-flow-in-uniswap-v3-part-1-fb5b6e01398b,2023-02-02
Privacy on Solana with Elusiv and Light: All You Need to Know About Privacy on SOL,0xIchigo,https://www.helius.dev/blog/privacy-on-solana-with-elusiv-and-light,2023-09-14
Endnotes on 2020: Crypto and Beyond,Vitalik Buterin,https://vitalik.eth.limo/general/2020/12/28/endnotes.html,2020-12-28
Encrypted Mempools,Jon Charbonneau,https://dba.xyz/encrypted-mempools/,2023-03-14
The Impact of Uniswap X on the DEX Ecosystem ‚Äî Orange Finance,Orange Finance,https://mirror.xyz/0x6FA2aF9a4d6fFe654361F713780963C10412e7c3/jMBMzyDROC92wPGr8BHI5GAh0OD-hbwqzQ8PYvyoB3E,2023-11-08
Two thought experiments to evaluate automated stablecoins,Vitalik Buterin,https://vitalik.eth.limo/general/2022/05/25/stable.html,2022-05-25
"The Rising Tide of Broker Costs, and the Shrinking Pool of Competitors",John Ramsay - Chief Market Policy Officer,https://www.iex.io/article/the-rising-tide-of-broker-costs-and-the-shrinking-pool-of-competitors,2021-06-08
A Tale of Two Arbitrages,"by Eugene Chen of Ellipsis Labs, Alex Toberoff and Suraj Srinivasan of Jump Crypto,  Ankit Chiplunkar of Frontier Research",https://frontier.tech/a-tale-of-two-arbitrages,nan
"Balancer: The Yield Bearing Asset Thesis | by Beethoven X | Balancer Protocol | Feb, 2024 | Medium",Beethoven X,https://medium.com/balancer-protocol/balancer-the-yield-bearing-asset-thesis-f44489ba2deb,2024-02-08
Intent based bridge between L2s and Ethereum powered by multi-proof storage proofs - Layer 2 - Ethereum Research,https://ethresear.ch/u/unbalancedparenthese,https://ethresear.ch/t/intent-based-bridge-between-l2s-and-ethereum-powered-by-multi-proof-storage-proofs/18563,2024-02-05
Endgame: Proof of Governance,Jon Charbonneau,https://dba.xyz/endgame-proof-of-governance/,2023-08-07
SUAVE Bridge - SUAVE - The Flashbots Collective,https://collective.flashbots.net/u/dmarz,https://collective.flashbots.net/t/suave-bridge/2696,2023-11-23
How to Get All the Transactions From a Contract Address,,,
Bookmarks relevant for redistribution researchers - #35 by chayoterabit - Research - The Flashbots Collective,https://collective.flashbots.net/u/chayoterabit,https://collective.flashbots.net/t/bookmarks-relevant-for-redistribution-researchers/663/35,2023-02-11
SLOB: Searcher Limit Order Book,Building_,https://jumpcrypto.com/writing/searcher-limit-order-book/,2022-04-20
Web3 Security: In-Depth ‚Äî Officer's Blog,Officer's Blog,https://officercia.mirror.xyz/dgKaZvBsP90fNc7YLtL-ibRIZYcbvTdtVPdmNoB6s_M,2024-02-07
Why Exchange Rebate Tiers Are Anti-Competitive,John Ramsay - Chief Market Policy Officer,https://www.iex.io/article/why-exchange-rebate-tiers-are-anti-competitive,2023-06-27
Collusion-Resistant Impartial Selection Protocol (CRISP) - Applications - Ethereum Research,https://ethresear.ch/u/auryn,https://ethresear.ch/t/collusion-resistant-impartial-selection-protocol-crisp/18804,2024-02-27
"Top Tech Topics, Explained",nan,https://a16zcrypto.com/posts/podcast/top-tech-topics-explained/,nan
Block scoring for mev-boost relays - #26 by vitaliy - Relays - The Flashbots Collective,https://collective.flashbots.net/u/metachris,https://collective.flashbots.net/t/block-scoring-for-mev-boost-relays/202/26?u=ralexstokes,2023-12-06
"Brace Yourselves, Pilots: Tokemak Liquidity Deployment Begins | by Tokemak | Tokemak | Medium",Tokemak,https://medium.com/tokemak/brace-yourselves-pilots-tokemak-liquidity-deployment-begins-b1526c9bb0e4,2022-02-04
Soulbound,Vitalik Buterin,https://vitalik.eth.limo/general/2022/01/26/soulbound.html,2022-01-26
Ethereum Withdrawals and Liquid Staking | by Jorge Arce | Nethermind.eth | Medium,Jorge Arce,https://medium.com/nethermind-eth/ethereum-withdrawals-and-liquid-staking-68f0d50bbb81,2023-03-03
How will Ethereum's multi-client philosophy interact with ZK-EVMs?,Vitalik Buterin,https://vitalik.eth.limo/general/2023/03/31/zkmulticlient.html,2023-03-31
On Collusion,Vitalik Buterin,https://vitalik.eth.limo/general/2019/04/03/collusion.html,2019-04-03
Why Building the Most Profitable Block is Important,https://collective.flashbots.net/u/robert,https://writings.flashbots.net/on-the-most-profitable-block,2021-12-12
Burning MEV through block proposer auctions - Economics - Ethereum Research,https://ethresear.ch/u/domothy,https://ethresear.ch/t/burning-mev-through-block-proposer-auctions/14029,2022-10-26
"Flash Boys' exchange IEX ramps up effort to cater to Reddit retail crowd, forms broker commuttee to improve stock-market structure",MarketWatch - ,https://www.iex.io/article/flash-boys-exchange-iex-ramps-up-effort-to-cater-to-reddit-retail-crowd-forms-broker-commuttee-to-improve-stock-market-structure,2021-09-23
Ending LP's Losing Game: Exploring the Loss-Versus-Rebalancing (‚Ä¶ ‚Äî 0xKeyu ,0xKeyu ,https://mirror.xyz/0xbdA5bCe76bF62d97D9C9dF0425CC10079Df1aD75/bWOCccjVC7eoYKOzgmjXFdhWDc8rrUL6Yei-eugF52s,2023-10-26
MEV Driven Centralization in Ethereum: Part 1 | by Simon Brown | Medium,Simon Brown,https://simbro.medium.com/mev-driven-centralization-in-ethereum-ec829a214f18,2022-07-28
The History and Future of Account Abstraction | by Ismael Darwish | Nethermind.eth | Medium,Ismael Darwish,https://medium.com/nethermind-eth/the-history-and-future-of-account-abstraction-10cb097ebdc8,2021-12-23
Flashbots Transparency Report ‚Äî July & August 2021,https://collective.flashbots.net/u/robert,https://writings.flashbots.net/transparency-july-august,2021-09-21
Linea: The Secure zkEVM Ecosystem Where Dapps Thrive ‚Äî Linea,Linea,https://linea.mirror.xyz/byKWNxXlxy9YmfMWCEarNr9m-GJJvoceAr__ibQYWKU,2024-02-08
Flashbots Transparency Report ‚Äî May & June 2021,https://collective.flashbots.net/u/robert,https://writings.flashbots.net/transparency-may-june,2021-06-28
"Time, slots, and the ordering of events in Ethereum Proof-of-Stake",nan,https://www.paradigm.xyz/2023/04/mev-boost-ethereum-consensus,nan
Convex and Concave Dispositions,Vitalik Buterin,https://vitalik.eth.limo/general/2020/11/08/concave.html,2020-11-08
Price Oracle Manipulation Attacks - The Full Guide,,,
Discrimination of Toxic Flow in Uniswap V3: Part 4 | by CrocSwap | Medium,CrocSwap,https://crocswap.medium.com/discrimination-of-toxic-flow-in-uniswap-v3-part-4-c09656ec016e,2023-03-10
0Kage Diaries Chapter 1 ‚Äî Enzyme Finance | by 0Kage | Medium,0Kage,https://medium.com/@0kage/hack-series-deep-dive-chapter-1-enzyme-finance-90f4d85c067e,2023-09-07
Navigating Ethereum's 2024 Consensus Landscape üß≠,nan,https://terencechain.substack.com/p/navigating-ethereums-2024-consensus,nan
Sunsetting Warp: A Farewell to the Solidity to Cairo transpiler | by Nethermind | Nethermind.eth | Medium,Nethermind,https://medium.com/nethermind-eth/sunsetting-warp-a-farewell-to-the-solidity-to-cairo-transpiler-79e9fdab5f5a,2023-07-31
Blockchain voting is overrated among uninformed people but underrated among informed people,Vitalik Buterin,https://vitalik.eth.limo/general/2021/05/25/voting2.html,2021-05-25
Why we need wide adoption of social recovery wallets,Vitalik Buterin,https://vitalik.eth.limo/general/2021/01/11/recovery.html,2021-01-11
Shutter Economics,Shutter.network,https://blog.shutter.network/shutter-economics/,2024-02-19
SUAVE Spec - HackMD,sxysun,https://hackmd.io/@sxysun/suavespec,2023-01-19
A Note On Charity Through Marginal Price Discrimination,Vitalik Buterin,https://vitalik.eth.limo/general/2017/03/11/a_note_on_charity.html,2017-03-11
"Learn Echidna: Introduction to Invariant Tests | by Bloqarl | Jan, 2024 | Medium",Bloqarl,https://medium.com/@bloqarl/learn-echidna-introduction-to-invariant-tests-3094f51544d6,2024-01-05
Timing games in Proof-of-Stake - Economics - Ethereum Research,https://ethresear.ch/u/barnabe,https://ethresear.ch/t/timing-games-in-proof-of-stake/13980,2022-10-20
The MEV Conundrum,verilog-solutions,https://verilog-solutions.notion.site/The-MEV-Conundrum-6d66001b150148739be14d73a8836903,nan
MEV-Share: programmably private orderflow to share MEV with users - The Flashbots Ship - The Flashbots Collective,https://collective.flashbots.net/u/bert,https://collective.flashbots.net/t/mev-share-programmably-private-orderflow-to-share-mev-with-users/1264/1,2023-02-15
Shutterized OP Stack Testnet Announcement and Roadmap,Shutter.network,https://blog.shutter.network/shutterized-opstack-testnet-announcement-and-roadmap/,2024-01-26
Flashbots‚ÄîFrontrunning the MEV Crisis,https://collective.flashbots.net/u/obadiaa,https://writings.flashbots.net/frontrunning-mev-crisis,2020-11-23
Everything You Need To Know About Order Flow Auctions,BYMonoceros Ventures,https://www.monoceros.com/insights/order-flow-auctions,nan
FRP Year in Review,https://collective.flashbots.net/u/sarah,https://writings.flashbots.net/frp-year-in-review,2023-07-10
Fiat-Shamir security of FRI and related SNARKs ‚Äî Part 1 | by Albert Garreta | Nethermind.eth | Medium,Albert Garreta,https://medium.com/nethermind-eth/fiat-shamir-security-of-fri-and-related-snarks-part-1-9b913728ddec,2023-08-14
It‚Äôs time to talk about DeFi‚Äôs risk management problems. ‚Äî Morpho,Morpho,https://morpho.mirror.xyz/F652srnxjv4qsIEHLUrDwOvrYgXU8p0io2cNogb2BJY,2023-08-16
Exit games for EVM validiums: the return of Plasma,Vitalik Buterin,https://vitalik.eth.limo/general/2023/11/14/neoplasma.html,2023-11-14
Top-10 Vulnerabilities in Substrate-based Blockchains Using Rust | by Bloqarl | Rektoff | Medium,Bloqarl,https://medium.com/rektoff/top-10-vulnerabilities-in-substrate-based-blockchains-using-rust-d454279521ff,2023-11-14
MEV: The First Five Years | James Prestwich | Medium,James Prestwich,https://medium.com/@Prestwich/mev-c417d9a5eb3d,2022-12-26
Unlocking Onboarding to Starknet: An Overview of the Starknet Remix Plugin | by Edgar Barrantes | Nethermind.eth | Medium,Edgar Barrantes,https://medium.com/nethermind-eth/unlocking-onboarding-to-starknet-an-overview-of-the-starknet-remix-plugin-6b0658e73521,2023-09-04
Priority Fees: Understanding Solana's Transaction Fee Mechanics,0xIchigo,https://www.helius.dev/blog/priority-fees-understanding-solanas-transaction-fee-mechanics,2024-02-15
Blockchain in the age of LLMs,Yellow Propeller,https://www.propellerheads.xyz/blog/blockchain-and-llms,2023-07-14
Reducing the step count of 256-bit operations in Cairo | by Yevgeny Zaytman | Nethermind.eth | Medium,Yevgeny Zaytman,https://medium.com/nethermind-eth/reducing-the-step-count-for-256-bit-operations-in-cairo-61299649dc0c,2022-10-25
A Quick Gasprice Market Analysis,Vitalik Buterin,https://vitalik.eth.limo/general/2017/12/14/gas_analysis.html,2017-12-14
"Secret Sharing For Sharing Mnemonics, Part II - Nethermind.eth - Medium",Michal Zajac,https://medium.com/nethermind-eth/secret-sharing-for-sharing-mnemonics-part-ii-d76dc1581681,2022-04-15
Gaming: How Solana is Changing the Playfield,0xIchigo,https://www.helius.dev/blog/gaming-how-solana-is-changing-the-playfield,2024-01-15
Ethereum Blockspace - Who Gets What and Why,Georgios Konstantopoulos,https://www.paradigm.xyz/2021/03/ethereum-blockspace-who-gets-what-and-why,2021-03-25
Encapsulated vs systemic complexity in protocol design,Vitalik Buterin,https://vitalik.eth.limo/general/2022/02/28/complexity.html,2022-02-28
Latency arms race concerns in blockspace markets - Economics - Ethereum Research,https://ethresear.ch/u/dcrapis,https://ethresear.ch/t/latency-arms-race-concerns-in-blockspace-markets/14957,2023-03-03
Integrating SUAVE with Astria Rollups - SUAVE - The Flashbots Collective,https://collective.flashbots.net/u/itamarreif,https://collective.flashbots.net/t/integrating-suave-with-astria-rollups/3118,2024-02-28
"TOKE Emissions Update April 2022. Phase 1 Effective April 13th, 2022 | by Tokemak | Tokemak | Medium",Tokemak,https://medium.com/tokemak/toke-emissions-update-april-2022-675240fbfad0,2022-04-07
Introduction to Horus ‚Äî Part 1. Horus is an open-source automated‚Ä¶ | by Julian Sutherland | Nethermind.eth | Medium,Julian Sutherland,https://medium.com/nethermind-eth/introduction-to-horus-part-1-fbc16af3ba67,2023-02-23
Rollups are Real ‚Äî Rollup Economics 2.0,davidecrapis,https://davidecrapis.notion.site/Rollups-are-Real-Rollup-Economics-2-0-2516079f62a745b598133a101ba5a3de,2023/08/13
Cairo fundamentals stacked up against EVM and Solidity | by Mauricio Perdomo | Nethermind.eth | Medium,Mauricio Perdomo,https://medium.com/nethermind-eth/cairo-fundamentals-stacked-up-against-evm-and-solidity-1d8d4e12b2c3,2022-12-16
L2 MEV wat ‚Äî Taiko Labs,,,
Fast Fourier Transforms,Vitalik Buterin,https://vitalik.eth.limo/general/2019/05/12/fft.html,2019-05-12
Zero-Knowledge Rainbow Bridge: Infusing Blockchain Interactions with a Prism of Privacy - zk-s[nt]arks - Ethereum Research,https://ethresear.ch/u/cryptskii,https://ethresear.ch/t/zero-knowledge-rainbow-bridge-infusing-blockchain-interactions-with-a-prism-of-privacy/18825,2024-02-29
Build a Wallet Tracker on Solana,Mert Mumtaz,https://www.helius.dev/blog/build-a-wallet-tracker-on-solana,2023-06-19
The Three Transitions,Vitalik Buterin,https://vitalik.eth.limo/general/2023/06/09/three_transitions.html,2023-06-09
An incomplete guide to stealth addresses,Vitalik Buterin,https://vitalik.eth.limo/general/2023/01/20/stealth.html,2023-01-20
Exploring Fully Homomorphic Encryption,Vitalik Buterin,https://vitalik.eth.limo/general/2020/07/20/homomorphic.html,2020-07-20
Fuzz and Invariant Tests,,,
Minimal ePBS - Beacon Chain Changes - Block proposer - Ethereum Research,https://ethresear.ch/u/terence,https://ethresear.ch/t/minimal-epbs-beacon-chain-changes/18653,2024-02-12
In-person meatspace protocol to prove unconditional possession of a private key,Vitalik Buterin,https://vitalik.eth.limo/general/2019/10/01/story.html,2019-10-01
A Guide to 99% Fault Tolerant Consensus,Vitalik Buterin,https://vitalik.eth.limo/general/2018/08/07/99_fault_tolerant.html,2018-08-07
Relays are a Latency Game. | By Alvaro Blazquez and Sachin Lal | by Metrika | Medium,Metrika,https://blog.metrika.co/relays-are-a-latency-game-303aadb393ce,2023-03-23
"C.o.R.E.3 Voting Begins This Monday, May 2nd | by Tokemak | Tokemak | Medium",Tokemak,https://medium.com/tokemak/c-o-r-e-3-voting-begins-this-monday-may-2nd-1687ff492199,2022-04-28
The SEC Plan to Light Up Better Prices: Lots Still to Do,John Ramsay - Chief Market Policy Officer,https://www.iex.io/article/the-sec-plan-to-light-up-better-prices-lots-still-to-do,2023-03-13
Flashbots Transparency Report ‚Äî April 2021,https://collective.flashbots.net/u/robert,https://writings.flashbots.net/transparency-april,2021-05-13
How Can I Integrate Lido Tokens into My dApp? | by Bloqarl | Medium,Bloqarl,https://medium.com/@bloqarl/how-can-i-integrate-lido-tokens-into-my-dapp-dd9b1f69fe99,2023-10-27
Using ZK Proofs to Fight Disinformation | by Dan Boneh | Medium,Dan Boneh,https://medium.com/@boneh/using-zk-proofs-to-fight-disinformation-17e7d57fe52f,2022-09-30
On the impossibility of stateless blockchains,nan,https://a16zcrypto.com/posts/article/on-the-impossibility-of-stateless-blockchains/,nan
Getting Deep Into EVM: How Ethereum Works Backstage | by vasa | The Startup | Medium,vasa,https://medium.com/swlh/getting-deep-into-evm-how-ethereum-works-backstage-ab6ad9c0d0bf,2019-11-30
Payload-timeliness committee (PTC) ‚Äì an ePBS design - #2 by addyxvii - Proof-of-Stake - Ethereum Research,https://ethresear.ch/u/mikeneuder,https://ethresear.ch/t/payload-timeliness-committee-ptc-an-epbs-design/16054/2,2023-07-07
Cryptographic Tools 101 - Hash Functions and Merkle Trees Explained,0xIchigo,https://www.helius.dev/blog/cryptographic-tools-101-hash-functions-and-merkle-trees-explained,2023-09-25
On the Formalization of MEV,https://collective.flashbots.net/u/alejo,https://writings.flashbots.net/formalization-mev,2021-12-04
[Mirror] Quadratic Arithmetic Programs: from Zero to Hero,Vitalik Buterin,https://vitalik.eth.limo/general/2016/12/10/qap.html,2016-12-10
"New D-Limit Functionality, New D-Limit Optionality",Matt Weinberg - Head of Business Development,https://www.iex.io/article/new-d-limit-functionality-new-d-limit-optionality,2023-02-28
Two-slot proposer/builder separation - Proof-of-Stake - Ethereum Research,https://ethresear.ch/u/vbuterin,https://ethresear.ch/t/two-slot-proposer-builder-separation/10980,2021-10-10
Unity is Strength - A Formalization of Cross-Domain Maximal Extractable Value,"https://collective.flashbots.net/u/obadiaa, https://collective.flashbots.net/u/alejo, https://collective.flashbots.net/u/lakshman, https://collective.flashbots.net/u/tarun, https://collective.flashbots.net/u/phil, https://collective.flashbots.net/u/vaibhav",https://writings.flashbots.net/cross-domain-mev,2021-12-03
FRP-28: Contingent Fees in Order Flow Auctions - FRPs - Flashbots Research Proposals - The Flashbots Collective,https://collective.flashbots.net/u/MaxR,https://collective.flashbots.net/t/frp-28-contingent-fees-in-order-flow-auctions/1594,2023-04-12
Slashing penalty analysis; EIP-7251 - Economics - Ethereum Research,https://ethresear.ch/u/mikeneuder,https://ethresear.ch/t/slashing-penalty-analysis-eip-7251/16509,2023-08-30
Ethereum is a Dark Forest,nan,https://www.paradigm.xyz/2020/08/ethereum-is-a-dark-forest,nan
5 Steps to Become a Blockchain Developer - The Full Roadmap,,,
Can First Come First Served-Based Transaction Ordering Prevent Front-Running?,https://collective.flashbots.net/u/ra,https://writings.flashbots.net/fcfs-and-front-running,2022-09-08
Unconditional inclusion lists - Block proposer - Ethereum Research,https://ethresear.ch/u/mikeneuder,https://ethresear.ch/t/unconditional-inclusion-lists/18500,2024-01-30
Deeper dive on cross-L2 reading for wallets and other use cases,Vitalik Buterin,https://vitalik.eth.limo/general/2023/06/20/deeperdive.html,2023-06-20
Uniswap v2 Overview,nan,https://blog.uniswap.org/uniswap-v2,2020-03-23
Spec'ing out Forward Inclusion-List w/ Dedicated Gas Limits - Block proposer - Ethereum Research,https://ethresear.ch/u/terence,https://ethresear.ch/t/specing-out-forward-inclusion-list-w-dedicated-gas-limits/17115,2023-10-17
Beyond Extraction: The Role of Block Building in the Future of Ethereum,by Drew Van der Werff at Brevan Howard Digital in collaboration with Frontier Research,https://frontier.tech/beyond-extraction,nan
"Governance, Part 2: Plutocracy Is Still Bad",Vitalik Buterin,https://vitalik.eth.limo/general/2018/03/28/plutocracy.html,2018-03-28
Bookmarks relevant for redistribution researchers - Research - The Flashbots Collective,https://collective.flashbots.net/u/chayoterabit,https://collective.flashbots.net/t/bookmarks-relevant-for-redistribution-researchers/663,2024-02-16
Should there be demand-based recurring fees on ENS domains?,Vitalik Buterin,https://vitalik.eth.limo/general/2022/09/09/ens.html,2022-09-09
Flashbots Protect -- The Merge & Beyond,https://collective.flashbots.net/u/angela,https://writings.flashbots.net/flashbots-protect-merge-and-beyond,2022-08-23
Halo and more: exploring incremental verification and SNARKs without pairings,Vitalik Buterin,https://vitalik.eth.limo/general/2021/11/05/halo.html,2021-11-05
Solana Dev 101 - File system wallets + How to create a custom wallet,Owen Venter,https://www.helius.dev/blog/file-system-wallets-how-to-create-a-custom-wallet,2023-08-14
Solana Dev 101 - How to Create a Solana Transaction,Owen Venter,https://www.helius.dev/blog/how-to-create-a-solana-transaction,2023-06-19
Solana Fees in Theory and Practice,Ryan Chern,https://www.helius.dev/blog/solana-fees-in-theory-and-practice,2024-01-31
MEV Markets Part 3: Payment for Order Flow ‚Äî 0xShitTrader,0xShitTrader,https://mirror.xyz/0xshittrader.eth/f2VSuoZ91vAbCv82MtWM-Gosyf_DeUXfPlDx3EYV3RM,2022-08-31
Composable block building - Mev-Compose - SUAVE - The Flashbots Collective,https://collective.flashbots.net/u/jinsuk,https://collective.flashbots.net/t/composable-block-building-mev-compose/3091,2024-02-23
Flashbots: Frontrunning the MEV crisis | Flashbots,Alex Obadia,https://medium.com/flashbots/frontrunning-the-mev-crisis-40629a613752,2020-11-23
[Mirror] A Proof of Stake Design Philosophy,Vitalik Buterin,https://vitalik.eth.limo/general/2016/12/29/pos_design.html,2016-12-29
Solidity Tutorial : all about Assembly | by Jean Cvllr | Medium,Jean Cvllr,https://jeancvllr.medium.com/solidity-tutorial-all-about-assembly-5acdfefde05c,2019-12-25
"Launching mev.fyi, the MEV research chatbot - Meta-innovation - Ethereum Research",https://ethresear.ch/u/Val,https://ethresear.ch/t/launching-mev-fyi-the-mev-research-chatbot/18796,2024-02-26
Why run mev-boost?,"https://collective.flashbots.net/u/hasu, https://collective.flashbots.net/u/thegostep",https://writings.flashbots.net/why-run-mevboost,2022-06-07
A CBC Casper Tutorial,Vitalik Buterin,https://vitalik.eth.limo/general/2018/12/05/cbc_casper.html,2018-12-05
Easy proof of equivalence between multiple polynomial commitment schemes to the same data - zk-s[nt]arks - Ethereum Research,https://ethresear.ch/u/vbuterin,https://ethresear.ch/t/easy-proof-of-equivalence-between-multiple-polynomial-commitment-schemes-to-the-same-data/8188,2020-11-05
The promise and challenges of crypto + AI applications,Vitalik Buterin,https://vitalik.eth.limo/general/2024/01/30/cryptoai.html,2024-01-30
Demonstration of SUAVE oracle - SUAVE - The Flashbots Collective,https://collective.flashbots.net/u/halo3mic,https://collective.flashbots.net/t/demonstration-of-suave-oracle/3112,2024-02-27
Open sourcing the Flashbots MEV-Share Node,https://collective.flashbots.net/u/flashbots,https://writings.flashbots.net/open-sourcing-flashbots-mev-share-node,2023-07-24
All You Need to Know About Solana‚Äôs New DAS API,Hunter Davis,https://www.helius.dev/blog/all-you-need-to-know-about-solanas-new-das-api,2023-09-18
Some ways to use ZK-SNARKs for privacy,Vitalik Buterin,https://vitalik.eth.limo/general/2022/06/15/using_snarks.html,2022-06-15
Breaking Down the SEC Plan on Exchange Fees,John Ramsay - Chief Market Policy Officer,https://www.iex.io/article/breaking-down-the-sec-plan-on-exchange-fees,2023-02-21
A Prehistory of the Ethereum Protocol,Vitalik Buterin,https://vitalik.eth.limo/general/2017/09/14/prehistory.html,2017-09-14
Prediction Markets: Tales from the Election,Vitalik Buterin,https://vitalik.eth.limo/general/2021/02/18/election.html,2021-02-18
What do I think about biometric proof of personhood?,Vitalik Buterin,https://vitalik.eth.limo/general/2023/07/24/biometric.html,2023-07-24
Borderless Ethereum - Measuring the geographical distribution of validators - Projects - Lido Governance,https://research.lido.fi/u/orbmis,https://research.lido.fi/t/borderless-ethereum-measuring-the-geographical-distribution-of-validators/4472,2023-04-25
Analyzing Missed Slot Through The Lens of Relays -- A potential path for relay incentivization - Economics - Ethereum Research,https://ethresear.ch/u/ballsyalchemist,https://ethresear.ch/t/analyzing-missed-slot-through-the-lens-of-relays-a-potential-path-for-relay-incentivization/18257,2024-01-10
Minimum Viable Issuance - HackMD,anderselowsson,https://notes.ethereum.org/@anderselowsson/MinimumViableIssuance,nan
Exploring DeFi Trading Strategies: Arbitrage in DeFi | by Alex Obadia | Cambrial Capital | Medium,Alex Obadia,https://medium.com/cambrial-capital/exploring-defi-trading-strategies-arbitrage-in-defi-7736dc5dd77a,2019-12-13
Shutterized Beacon Chain - Execution Layer Research - Ethereum Research,https://ethresear.ch/u/cducrest,https://ethresear.ch/t/shutterized-beacon-chain/12249,2022-03-24
The Comment Letters Are In. Here's What They Actually Say.,John Ramsay - Chief Market Policy Officer,https://www.iex.io/article/the-comment-letters-are-in-heres-what-they-actually-say,2023-04-20
‚îª‚î≥ A Few Upcoming Milestones for 2022 | by Tokemak | Tokemak | Medium,Tokemak,https://medium.com/tokemak/a-few-upcoming-milestones-for-2022-90e3415f5119,2022-05-06
Game-theoretic Model for MEV-boost Auctions (MMA) ü•ä - Economics - Ethereum Research,https://ethresear.ch/u/soispoke,https://ethresear.ch/t/game-theoretic-model-for-mev-boost-auctions-mma/16206,2023-07-27
Notes on Proposer-Builder Separation (PBS),nan,https://barnabe.substack.com/p/pbs,nan
Learn more about PBS Foundation,pbsfoundation,https://pbsfoundation.notion.site/Learn-more-about-PBS-Foundation-68382efd786e450f937ab550ffaa4a96,nan
TOKE/ETH Curve v2 LP (Boost with Convex) | by Tokemak | Tokemak | Medium,Tokemak,https://medium.com/tokemak/toke-eth-curve-v2-lp-boost-with-convex-455c3b284249,2022-08-04
Where to use a blockchain in non-financial applications?,Vitalik Buterin,https://vitalik.eth.limo/general/2022/06/12/nonfin.html,2022-06-12
Quantifying Total Extracted MEV -- A List of Resources - Research - The Flashbots Collective,https://collective.flashbots.net/u/alex,https://collective.flashbots.net/t/quantifying-total-extracted-mev-a-list-of-resources/936,2022-12-20
How To Decipher A Smart Contract Method Call | by zh | Medium,zh,https://medium.com/@hayeah/how-to-decipher-a-smart-contract-method-call-8ee980311603,2017-09-18
"Ethereum is game-changing technology, literally. | by Virgil Griffith | Medium",Virgil Griffith,https://medium.com/@virgilgr/ethereum-is-game-changing-technology-literally-d67e01a01cf8,2019-03-29
Cross-chain Auctions via Bitcoin Double Spends | by James Prestwich | Summa | Medium,James Prestwich,https://medium.com/summa-technology/summa-auction-bitcoin-technical-7344096498f2,2018-11-17
The Merge series (part 3): MEV landscape ‚Äî Rated,Rated,https://mirror.xyz/ratedw3b.eth/xltDyY32_xQyDiHHphj230kc0iEQL43Pwb7b6t_fzWQ,2022-11-21
"A Note on Metcalfe's Law, Externalities and Ecosystem Splits",Vitalik Buterin,https://vitalik.eth.limo/general/2017/07/27/metcalfe.html,2017-07-27
Survey: What the Buyside Really Thinks About the SEC‚Äôs Reg NMS Proposal,"Ronan Ryan - Co- Founder and President, IEX Exchange",https://www.iex.io/article/survey-what-the-buyside-really-thinks-about-the-secs-reg-nms-proposal?utm_source=twitter&utm_medium=blog&utm_campaign=buyside_survey&utm_id=marketstructure&utm_term=exchange,2023-06-05
Flashbots Transparency Report ‚Äî February 2021,https://collective.flashbots.net/u/thegostep,https://writings.flashbots.net/transparency-february,2021-03-18
Against overuse of the Gini coefficient,Vitalik Buterin,https://vitalik.eth.limo/general/2021/07/29/gini.html,2021-07-29
Getting started with Nethermind‚Äôs Starknet RPC service | by Nethermind | Nethermind.eth | Medium,Nethermind,https://medium.com/nethermind-eth/getting-started-with-netherminds-starknet-rpc-service-f6b49df8b889,2023-12-12
Exploring the Impact of Signal V6 on D-Peg and P-Peg Performance,Sam Stevens - Head of Business Analytics,https://www.iex.io/article/exploring-the-impact-of-signal-v6-on-d-peg-and-p-peg-performance,2023-07-18
"MEV & The Evolution of Crypto Exchange: Part I
 ‚Äî Archetype",Archetype,https://archetype.mirror.xyz/DVJFtcEcdTqk4DxC3VX4McgyjfktXF05pCG1LFtB4-E,2023-11-21
"STARKs, Part II: Thank Goodness It's FRI-day",Vitalik Buterin,https://vitalik.eth.limo/general/2017/11/22/starks_part_2.html,2017-11-22
Tokemak Update March 2022. March of the Tokemechs | by Tokemak | Tokemak | Medium,Tokemak,https://medium.com/tokemak/tokemak-update-march-2022-eb8a4f7bc525,2022-03-08
"EIP 4844: What does it mean for L2 users? | by Ed Felten | Offchain Labs | Feb, 2024 | Medium",Ed Felten,https://medium.com/offchainlabs/eip-4844-what-does-it-mean-for-l2-users-5e86ebc4c028,2024-02-13
Understanding liveness risks from mev-boost,https://collective.flashbots.net/u/hasu,https://writings.flashbots.net/understanding-mev-boost-liveness-risks,2022-08-05
Quantitative Token Model: A data-driven approach to stay ahead of the game,Achim Struve,https://outlierventures.io/article/quantitative-token-model-a-data-driven-approach-to-stay-ahead-of-the-game/,2023-02-10
How did the Euler Finance hack happen? | Hack Analysis and Proof of Concept,,,
Flashbots Transparency Report ‚Äî March 2021,https://collective.flashbots.net/u/thegostep,https://writings.flashbots.net/transparency-march,2021-04-12
Analyzing Token Sale Models,Vitalik Buterin,https://vitalik.eth.limo/general/2017/06/09/sales.html,2017-06-09
The Espresso Sequencer - HackMD,EspressoSystems,https://hackmd.io/@EspressoSystems/EspressoSequencer,2023-03-16
"Alternatives to selling at below-market-clearing prices for achieving fairness (or community sentiment, or fun)",Vitalik Buterin,https://vitalik.eth.limo/general/2021/08/22/prices.html,2021-08-22
Sharding-format blob-carrying transactions - HackMD,vbuterin,https://notes.ethereum.org/@vbuterin/blob_transactions,nan
Top Solana RPCs ‚Äî Helius vs. Other Node Providers,Mert Mumtaz,https://www.helius.dev/blog/top-solana-rpcs-helius-vs-other-node-providers,2023-07-27
NFT or fungible token: which is right for me?,Jan Baeriswyl,https://outlierventures.io/article/nft-or-fungible-token-which-is-right-for-me/,2023-01-31
"Unlocking PBS with CL Verification of ""block.coinbase"" (E.G. Multi Tx Flashloans) - Ethereum Research",https://ethresear.ch/u/thogard785,https://ethresear.ch/t/unlocking-pbs-with-cl-verification-of-block-coinbase-e-g-multi-tx-flashloans/17955/,2023-12-24
EVM Deep Dives: The Path to Shadowy Super Coder ü•∑ üíª - Part 3,nan,https://noxx.substack.com/p/evm-deep-dives-the-path-to-shadowy-3ea?s=r&ref=zaryabs.com,nan
Base Layers And Functionality Escape Velocity,Vitalik Buterin,https://vitalik.eth.limo/general/2019/12/26/mvb.html,2019-12-26
Announcing Flashbots Protect,https://collective.flashbots.net/u/robert,https://writings.flashbots.net/announcing-protect,2021-10-06
IEX Exchange‚Äôs Position on the SEC‚Äôs Proposed Changes to Regulation NMS,John Ramsay - Chief Market Policy Officer,https://www.iex.io/article/iex-exchanges-position-on-the-secs-proposed-changes-to-regulation-nms,2023-03-21
Solana & Ethereum Transaction Fee Mechanisms: Proposals to Impro‚Ä¶ ‚Äî Eclipse,Eclipse,https://mirror.xyz/eclipsemainnet.eth/GTrrYpmxSY1ubQ0SEV5akF7EZXgA2XFr7FEjM3CUuaE,2024-02-08
Turbine: Block Propagation on Solana,Ryan Chern,https://www.helius.dev/blog/turbine-block-propagation-on-solana,2023-10-26
How to reach consensus with strangers | by Albert Garreta | Nethermind.eth | Medium,Albert Garreta,https://medium.com/nethermind-eth/how-to-reach-consensus-with-strangers-9b57264afd65,2022-09-09
Optimizing Interactions Between Ethereum Consensus & Execution Clients,nan,https://terencechain.substack.com/p/optimizing-interactions-between-ethereum,nan
How to become a Smart Contract Auditor | Full Roadmap,,,
Estimating inclusion delays for censored transactions - Economics - Ethereum Research,https://ethresear.ch/u/soispoke,https://ethresear.ch/t/estimating-inclusion-delays-for-censored-transactions/15115,2023-03-22
Builder Dominance and Searcher Dependence,by Titan in collaboration with Frontier Research,https://frontier.tech/builder-dominance-and-searcher-dependence,2023-06-13
"DEX Arbitrage, Mathematical Optimisations & Me",nan,https://noxx.substack.com/p/dex-arbitrage-mathematical-optimisations,nan
Engineering Security Through Coordination Problems,Vitalik Buterin,https://vitalik.eth.limo/general/2017/05/08/coordination_problems.html,2017-05-08
Open sourcing the Flashbots Relay,https://collective.flashbots.net/u/flashbots,https://writings.flashbots.net/Flashbots-Relay-open-sourcing,2022-08-17
"The Proof Supply Chain. by: Trace | by Figment Capital | Jan, 2024 | Medium",Figment Capital,https://figmentcapital.medium.com/the-proof-supply-chain-be6a6a884eff,2024-01-16
MEV Auctions Will Kill Ethereum - Economics - Ethereum Research,https://ethresear.ch/u/pmcgoohan,https://ethresear.ch/t/mev-auctions-will-kill-ethereum/9060,2021-03-31
Ideas for Incentivizing Relays - #4 by dmarz - Relays - The Flashbots Collective,https://collective.flashbots.net/u/dmarz,https://collective.flashbots.net/t/ideas-for-incentivizing-relays/586/4,2022-10-19
Cairo: the Starknet way to writing safe code | by Kalzak | Nethermind.eth | Medium,Kalzak,https://medium.com/nethermind-eth/cairo-the-starknet-way-to-writing-safe-code-8169486c7132,2023-10-20
"MEV 101 : How to dive into MEV | by Titania Research | Dec, 2023 | Medium",Titania Research,https://medium.com/@titania-research/mev-101-how-to-dive-into-mev-53271f888c59,2023-12-05
"Echidna Tutorial: #2 Fuzzing with Assertion Testing Mode | by Bloqarl | Jan, 2024 | Medium",Bloqarl,https://medium.com/@bloqarl/echidna-tutorial-2-fuzzing-with-assertion-testing-mode-00405454ef3d,2024-01-10
Designing Multi-Dimensional Blockchain Fee Markets ‚Äî Emperor,Emperor,https://crypto.mirror.xyz/ztCt3eXw-wCEwqBE6xCRTf-bZleezhyuW3ubxohYbBQ,2023-09-18
Diving Into The Ethereum VM Part 3 ‚Äî The Hidden Costs of Arrays | by zh | Medium,zh,https://medium.com/@hayeah/diving-into-the-ethereum-vm-the-hidden-costs-of-arrays-28e119f04a9b,2017-08-24
Top 10 smart contract auditing companies and services,,,
Hacking the Blockchain: Ethereum. ‚ÄúTwo roads diverged in a wood and I‚Ää‚Äî‚ÄäI‚Ä¶ | by Sleepy | Immunefi | Medium,Sleepy,https://medium.com/immunefi/hacking-the-blockchain-an-ultimate-guide-4f34b33c6e8b,2021-12-28
Protocol Mechanism (nftperp V2),nftperp,https://nftperp.notion.site/Protocol-Mechanism-nftperp-V2-8e4cb30f08b94aa2a576097a5008df24,nan
MEV in eth2 - an early exploration,"https://collective.flashbots.net/u/obadiaa, https://collective.flashbots.net/u/fireball",https://writings.flashbots.net/mev-eth2,2021-06-09
The different types of ZK-EVMs,Vitalik Buterin,https://vitalik.eth.limo/general/2022/08/04/zkevm.html,2022-08-04
Diving Into The Ethereum VM Part 5 ‚Äî The Smart Contract Creation Process | by zh | Medium,zh,https://medium.com/@hayeah/diving-into-the-ethereum-vm-part-5-the-smart-contract-creation-process-cb7b6133b855,2017-10-24
Increase the MAX_EFFECTIVE_BALANCE ‚Äì a modest proposal - Proof-of-Stake - Ethereum Research,https://ethresear.ch/u/mikeneuder,https://ethresear.ch/t/increase-the-max-effective-balance-a-modest-proposal/15801,2023-06-06
Decentralized crypto needs you: to be a geographical decentralization maxi - Research - The Flashbots Collective,https://collective.flashbots.net/u/phil,https://collective.flashbots.net/t/decentralized-crypto-needs-you-to-be-a-geographical-decentralization-maxi/1385,2023-03-07
Should Ethereum be okay with enshrining more things in the protocol?,Vitalik Buterin,https://vitalik.eth.limo/general/2023/09/30/enshrinement.html,2023-09-30
Equivocation attacks in mev-boost and ePBS - Proof-of-Stake - Ethereum Research,https://ethresear.ch/u/mikeneuder,https://ethresear.ch/t/equivocation-attacks-in-mev-boost-and-epbs/15338,2023-04-18
Do Rollups Inherit Security?,Jon Charbonneau,https://dba.xyz/do-rollups-inherit-security/,2023-10-17
"Cumulative, Non-Expiring Inclusion Lists - Proof-of-Stake - Ethereum Research",,,
Illuminating Ethereum's Order Flow Landscape,,,
"Inclusion lists: execution, consensus, & engine spec overview - HackMD",mikeneuder,https://notes.ethereum.org/@mikeneuder/il-spec-overview,nan
"STARKs, Part I: Proofs with Polynomials",Vitalik Buterin,https://vitalik.eth.limo/general/2017/11/09/starks_part_1.html,2017-11-09
Endgame,Vitalik Buterin,https://vitalik.eth.limo/general/2021/12/06/endgame.html,2021-12-06
MEV capturing AMM (McAMM) - Applications - Ethereum Research,https://ethresear.ch/u/josojo,https://ethresear.ch/t/mev-capturing-amm-mcamm/13336,2022-08-10
Paths toward single-slot finality - HackMD,vbuterin,https://notes.ethereum.org/@vbuterin/single_slot_finality,nan
Single-slot PBS using attesters as distributed availability oracle - Proof-of-Stake - Ethereum Research,https://ethresear.ch/u/vbuterin,https://ethresear.ch/t/single-slot-pbs-using-attesters-as-distributed-availability-oracle/11877,2022-01-27
Introducing Voyager ‚Äî The window to StarkNet | by Ismael Darwish | Nethermind.eth | Medium,Ismael Darwish,https://medium.com/nethermind-eth/introducing-voyager-the-window-to-starknet-c948f3a07a9b,2022-03-28
Bookmarks relevant for Proposer-Builder Separation (PBS) researchers - Research - The Flashbots Collective,https://collective.flashbots.net/u/alex,https://collective.flashbots.net/t/bookmarks-relevant-for-proposer-builder-separation-pbs-researchers/1319,2023-02-22
The risks of LRTs - Block proposer - Ethereum Research,https://ethresear.ch/u/mikeneuder,https://ethresear.ch/t/the-risks-of-lrts/18799,2024-02-26
The MEV Supply Chain - a peek into the future of this industry,https://collective.flashbots.net/u/thegostep,https://writings.flashbots.net/mev-supply-chain,2022-05-02
All You Need to Know About Solana RPCs (2023),Mert Mumtaz,https://www.helius.dev/blog/solana-rpc,2023-09-12
MEV burn‚Äîa simple design - Economics - Ethereum Research,https://ethresear.ch/u/JustinDrake,https://ethresear.ch/t/mev-burn-a-simple-design/15590,2023-05-15
Simplified Active Validator Cap and Rotation Proposal - Proof-of-Stake - Ethereum Research,https://ethresear.ch/u/vbuterin,https://ethresear.ch/t/simplified-active-validator-cap-and-rotation-proposal/9022,2021-03-27
"Introducing UniStark: Uniswap, only Warp‚Äôed to StarkNet | by Jorik Schellekens | Nethermind.eth | Medium",Jorik Schellekens,https://medium.com/nethermind-eth/introducing-unistark-uniswap-only-warped-to-starknet-6b62d3a96690,2022-10-08
"Understanding Slots, Blocks, and Epochs on Solana",Mert Mumtaz,https://www.helius.dev/blog/solana-slots-blocks-and-epochs,2023-06-19
The MEV Book: A Comprehensive Guide to Maximal Extractable Value,BYMonoceros Ventures,https://www.monoceros.com/insights/maximal-extractable-value-book,nan
Strong Builder Identity for Combating Builder Imposter Attacks - Cryptography - Ethereum Research,https://ethresear.ch/u/MaxResnick,https://ethresear.ch/t/strong-builder-identity-for-combating-builder-imposter-attacks/16550,2023-09-05
Endgame Staking Economics: A Case for Targeting - Economics - Ethereum Research,https://ethresear.ch/u/casparschwa,https://ethresear.ch/t/endgame-staking-economics-a-case-for-targeting/18751,2024-02-22
"MEV‚Ä¶ do this.. MEV is not inevitable, it is a network‚Ä¶ | by Pmcgoohan | Medium",Pmcgoohan,https://pmcgoohan.medium.com/mev-do-this-beb2754bca63,2021-04-28
Smart Contract Shadow Audit in CodeHawks - Bloqarl - Medium,Bloqarl,https://medium.com/@bloqarl/smart-contract-shadow-audit-in-codehawks-b625d178751e,2023-10-20
Updating the Signal for Today‚Äôs Markets,Luke Kowalczyk - Head of Quantitative Research,https://www.iex.io/article/updating-the-signal-for-todays-markets,2023-04-12
Top 8 Industry-leading smart Contract Auditing and Security Tools,,,
Inclusion List (EIP-7547) End to End Workflow - Block proposer - Ethereum Research,https://ethresear.ch/u/terence,https://ethresear.ch/t/inclusion-list-eip-7547-end-to-end-workflow/18810,2024-02-27
Awesome SGX & TEE on Blockchain - HackMD,erayack,https://hackmd.io/@erayack/BJhNZ_l_h,2023-06-21
Robust Incentives Group (RIG) ‚Äî Homepage,efdn,https://efdn.notion.site/Robust-Incentives-Group-homepage-802339956f2745a5964d8461c5ccef02,nan
"Coordination, Good and Bad",Vitalik Buterin,https://vitalik.eth.limo/general/2020/09/11/coordination.html,2020-09-11
The Dawn of Hybrid Layer 2 Protocols,Vitalik Buterin,https://vitalik.eth.limo/general/2019/08/28/hybrid_layer_2.html,2019-08-28
Proposer/Builder Separation material - HackMD,domothy,https://notes.ethereum.org/@domothy/pbs_links,nan
Reproducing the $APE Airdrop Flash Loan Arbitrage/Exploit | by Amber Group | Amber Group | Medium,Amber Group,https://medium.com/amber-group/reproducing-the-ape-airdrop-flash-loan-arbitrage-exploit-93f79728fcf5,2022-03-22
Uniswap V2 ‚Äî DeFi Protocol explained from its code | Medium,Bloqarl,https://medium.com/@bloqarl/uniswap-v2-complete-guide-to-understand-the-defi-protocol-d3a0e766cbdd,2023-04-11
The Rollup Multiverse,Jon Charbonneau,https://dba.xyz/the-rollup-multiverse/,2023-05-30
"MEV burn: Incentivizing earlier bidding in ""a simple design"" - Proof-of-Stake - Ethereum Research",https://ethresear.ch/u/aelowsson,https://ethresear.ch/t/mev-burn-incentivizing-earlier-bidding-in-a-simple-design/17389,2023-11-11
Understanding Sybil Attacks in Blockchain and Smart Contracts,,,
"The Shared Sequencer; An SoK on Shared Sequencing, Aggregation T‚Ä¶ ‚Äî Maven11 Research",Maven11 Research,https://maven11.mirror.xyz/I12E6Jf9X6HE_DuegZG4gmy8j-4RGAX4AdMZ71MnANY,2023-05-05
MEV-Boost: Merge ready Flashbots Architecture - The Merge - Ethereum Research,https://ethresear.ch/u/thegostep,https://ethresear.ch/t/mev-boost-merge-ready-flashbots-architecture/11177,2021-11-04
Solana Dev 101 - Deserializing Account Data on Solana,Hunter Davis,https://www.helius.dev/blog/solana-dev-101-deserializing-account-data-on-solana,2024-01-22
Searching On MEV-Share,"https://collective.flashbots.net/u/brock, https://collective.flashbots.net/u/shea",https://writings.flashbots.net/searching-on-mev-share,2023-05-02
The Conclusion of Cycle Zero: Weekly Cycles and Staked TOKE Migration | by Tokemak | Tokemak | Medium,Tokemak,https://medium.com/tokemak/the-conclusion-of-cycle-zero-weekly-cycles-and-staked-toke-migration-33a1811969e5,2022-02-23
A few of the things we‚Äôre excited about in crypto (2024),nan,https://a16zcrypto.com/posts/article/a-few-of-the-things-were-excited-about-in-crypto-2024/,nan
Committee-driven MEV smoothing - Economics - Ethereum Research,https://ethresear.ch/u/fradamt,https://ethresear.ch/t/committee-driven-mev-smoothing/10408,2021-08-23
Solana Dev 101 - Using DAS API For Fetching all NFTs in a Collection,Hunter Davis,https://www.helius.dev/blog/solana-dev-101-using-das-to-return-all-collection-assets,2023-07-28
CredibleCommitments.WTF - HackMD,sxysun,https://hackmd.io/@sxysun/ccdwtf,2023-05-13
Flashbots Transparency Report ‚Äî Sept-Dec 2021,https://collective.flashbots.net/u/sxysun,https://writings.flashbots.net/transparency-21q4,2022-01-17
Block vs. Slot Auction PBS ‚Äî Julian Ma,Julian Ma,https://mirror.xyz/0x03c29504CEcCa30B93FF5774183a1358D41fbeB1/CPYI91s98cp9zKFkanKs_qotYzw09kWvouaAa9GXBrQ,2022-12-14
"The Little Transaction that Could: Sequencers, MEV, Intents, and‚Ä¶ ‚Äî Archetype",Archetype,https://archetype.mirror.xyz/McPqaV9WVyHhky1AAgGyS6DsZ8O0_OIBtED34sWpcUw,2023-05-31
Composable is extending the Inter-Blockchain Communication (IBC) Protocol to Ethereum | by Composable Foundation | Medium,Composable Foundation,https://composablefi.medium.com/composable-is-extending-the-inter-blockchain-communication-ibc-protocol-to-ethereum-e5cc765af57e,2023-09-25
Unbundling PBS: Towards protocol-enforced proposer commitments (PEPC) - Economics - Ethereum Research,https://ethresear.ch/u/barnabe,https://ethresear.ch/t/unbundling-pbs-towards-protocol-enforced-proposer-commitments-pepc/13879,2022-10-08
Bid cancellations considered harmful - Proof-of-Stake - Ethereum Research,https://ethresear.ch/u/mikeneuder,https://ethresear.ch/t/bid-cancellations-considered-harmful/15500,2023-05-05
Finding it complex to learn Rust?  Build an NFT and take your Rust to the next level. | Medium,Bloqarl,https://medium.com/@bloqarl/finding-it-complex-to-learn-rust-not-anymore-build-an-nft-and-take-your-rust-to-the-next-level-b2b025d7363d,2023-12-19
Uniswap Protocol Fee Report,Gauntlet Team,https://www.gauntlet.xyz/resources/uniswap-protocol-fee-report,2024-01-15
Crypto Cities,Vitalik Buterin,https://vitalik.eth.limo/general/2021/10/31/cities.html,2021-10-31
"Validator Penalties, Slashing, and their Impact on Tokemak v2 | by Tokemak | Tokemak | Medium",Tokemak,https://medium.com/tokemak/validator-penalties-slashing-and-their-impact-on-tokemak-v2-f690489e7529,2023-07-20
PEPC-DVT: PEPC with no changes to the consensus protocol - Economics - Ethereum Research,https://ethresear.ch/u/diego,https://ethresear.ch/t/pepc-dvt-pepc-with-no-changes-to-the-consensus-protocol/16514,2023-08-31
Proof of Stake FAQ,Vitalik Buterin,https://vitalik.eth.limo/general/2017/12/31/pos_faq.html,2017-12-31
Validator consolidation in EIP-7251 - HackMD,fradamt,https://notes.ethereum.org/@fradamt/maxeb-consolidation,nan
Introducing the UniswapX Protocol,nan,https://blog.uniswap.org/uniswapx-protocol,2023-07-17
Modular Searcher Design: A Framework for Building Searchers ‚Äî Taker,Taker,https://mirror.xyz/0x00000a2A02540A0D92e209F9f5F7e104745e06Ba/hB-XeiOfkV5neiwX34lBD0uLHlWdefbGX6oBz1B4o7w,2023-06-13
On Radical Markets,Vitalik Buterin,https://vitalik.eth.limo/general/2018/04/20/radical_markets.html,2018-04-20
How to build a private DAO on Ethereum - Dan Boneh - Medium,Dan Boneh,https://medium.com/@boneh/how-to-build-a-private-dao-on-ethereum-59e3afdf3abd,2022-05-01
Travel time ~= 750 * distance ^ 0.6,Vitalik Buterin,https://vitalik.eth.limo/general/2023/04/14/traveltime.html,2023-04-14
Understanding rollup economics from first principles,nan,https://barnabe.substack.com/p/understanding-rollup-economics-from,nan
An approximate introduction to how zk-SNARKs are possible,Vitalik Buterin,https://vitalik.eth.limo/general/2021/01/26/snarks.html,2021-01-26
Some personal user experiences,Vitalik Buterin,https://vitalik.eth.limo/general/2023/02/28/ux.html,2023-02-28
Empirical analysis of Builders' Behavioral Profiles (BBPs) - Economics - Ethereum Research,https://ethresear.ch/u/soispoke,https://ethresear.ch/t/empirical-analysis-of-builders-behavioral-profiles-bbps/16327,2023-08-10
Using Shamir‚Äôs secret sharing to share mnemonics - Nethermind.eth - Medium,Michal Zajac,https://medium.com/nethermind-eth/using-shamirs-secret-sharing-to-share-mnemonics-c40429835117,2022-03-31
Modular Money: Liquid Staking for People in a Hurry,,,
What do I think about network states?,Vitalik Buterin,https://vitalik.eth.limo/general/2022/07/13/networkstates.html,2022-07-13
Review of Optimism retro funding round 1,Vitalik Buterin,https://vitalik.eth.limo/general/2021/11/16/retro1.html,2021-11-16
No free lunch ‚Äì a new inclusion list design - Proof-of-Stake - Ethereum Research,https://ethresear.ch/u/mikeneuder,https://ethresear.ch/t/no-free-lunch-a-new-inclusion-list-design/16389,2023-08-15
On Path Independence,Vitalik Buterin,https://vitalik.eth.limo/general/2017/06/22/marketmakers.html,2017-06-22
How To Do Lower-Case r research,Jon Charbonneau,https://dba.xyz/how-to-do-lower-case-r-research/,2023-05-01
"Running Geth within SGX: Our Experience, Learnings and Code","https://collective.flashbots.net/u/metachris, https://collective.flashbots.net/u/frieder",https://writings.flashbots.net/geth-inside-sgx,2022-12-20
Spam resistant block creator selection via burn auction - Miscellaneous - Ethereum Research,https://ethresear.ch/u/barryWhiteHat,https://ethresear.ch/t/spam-resistant-block-creator-selection-via-burn-auction/5851,2019-07-21
Uniswap v4 TWAMM Hook,nan,https://blog.uniswap.org/v4-twamm-hook,2023-08-24
Systematization of Knowledge for Decentralized Identities & Verifiable Credentials ‚ÄîPhase 1 of Research for Lido DAO: Complete | by Nethermind | Nethermind.eth | Medium,Nethermind,https://medium.com/nethermind-eth/systematization-of-knowledge-for-decentralized-identities-verifiable-credentials-phase-1-of-e972cf5ec153,2022-12-21
"The MEVM, SUAVE Centauri, and Beyond",https://collective.flashbots.net/u/robert,https://writings.flashbots.net/mevm-suave-centauri-and-beyond,2023-07-13
Uniswap V2 Router Explained by a Smart Contract Auditor ‚Äî Add Liquidity | DeFi Protocol | by Bloqarl | Medium,Bloqarl,https://medium.com/@bloqarl/uniswap-v2-router-explained-by-a-smart-contract-auditor-add-liquidity-defi-protocol-6e23973ad62e,2023-10-16
"Auctions: context, types of auctions, what is an auction from th‚Ä¶ ‚Äî Taiko Labs",Taiko Labs,https://taiko.mirror.xyz/jrb2QKnl6zEgcVciqCzSCJvm-LnDZhBi733IlJdemsY,2023-12-20
MEV Markets Part 2: Proof of Stake ‚Äî 0xShitTrader,0xShitTrader,https://mirror.xyz/0xshittrader.eth/c6J_PCK87K3joTWmLEtG6qVN6BFXLBZxQniReYSEjLI,2022-08-29
Notes on Blockchain Governance,Vitalik Buterin,https://vitalik.eth.limo/general/2017/12/17/voting.html,2017-12-17
Consensus on Solana,Ryan Chern,https://www.helius.dev/blog/consensus-on-solana,2024-01-27
Zero-Knowledge Proofs: A Technology Primer,BYMonoceros Ventures,https://www.monoceros.com/insights/zero-knowledge-proofs-a-technology-primer,nan
CurveMetrics,nan,https://xenophonlabs.substack.com/p/curvemetrics?r=1ekt4m,nan
DERPs: Decentralized Reinsurance Pools,Building_,https://jumpcrypto.com/writing/decentralized-reinsurance-pools/,2022-06-21
Ethereum is a Dark Forest - Dan Robinson - Medium,Dan Robinson,https://medium.com/@danrobinson/ethereum-is-a-dark-forest-ecc5f0505dff,2020-08-28
Uniswap v3 Returns More Fees for Passive LPs,nan,https://blog.uniswap.org/fee-returns#user-content-fnref-2,2022-06-06
To burn or not? - Research - The Flashbots Collective,https://collective.flashbots.net/u/Hasu,https://collective.flashbots.net/t/to-burn-or-not/647,2022-10-28
Flashbots -- Frontrunning the MEV crisis,https://collective.flashbots.net/u/thegostep,https://writings.flashbots.net/ethr-frontrunning-mev-crisis,2020-11-23
Revolutionizing Staking Rewards: The MEV Protocol,mev.io,https://blog.mev.io/posts/Revolutionizing-Staking-Rewards-MEV-Protocol,2023-10-24
Unified ERC-4337 mempool - HackMD,yoav,https://notes.ethereum.org/@yoav/unified-erc-4337-mempool,nan
Why Cryptoeconomics and X-Risk Researchers Should Listen to Each Other More | by Vitalik Buterin | Medium,Vitalik Buterin,https://medium.com/@VitalikButerin/why-cryptoeconomics-and-x-risk-researchers-should-listen-to-each-other-more-a2db72b3e86b,2016-07-05
On Medium-of-Exchange Token Valuations,Vitalik Buterin,https://vitalik.eth.limo/general/2017/10/17/moe.html,2017-10-17
Will the real MEV please stand up? - Data - The Flashbots Collective,https://collective.flashbots.net/u/elainehu,https://collective.flashbots.net/t/will-the-real-mev-please-stand-up/1686,2023-04-25
"The more, the less censored: Introducing committee-enforced inclusion sets (COMIS) on Ethereum - Block proposer - Ethereum Research",https://ethresear.ch/u/soispoke,https://ethresear.ch/t/the-more-the-less-censored-introducing-committee-enforced-inclusion-sets-comis-on-ethereum/18835,2024-02-29
Layer 1 Should Be Innovative in the Short Term but Less in the Long Term,Vitalik Buterin,https://vitalik.eth.limo/general/2018/08/26/layer_1.html,2018-08-26
An Incomplete Primer on Intents ‚Äî Emperor,Emperor,https://crypto.mirror.xyz/Wvzro_O92V5Z_RBfZnZUqdbYC_4X6v2YrBuy9RkZCxo,2023-09-27
Unbundling PBS: Towards protocol-enforced proposer commitments (PEPC) - #4 by barnabe - Economics - Ethereum Research,https://ethresear.ch/u/barnabe,https://ethresear.ch/t/unbundling-pbs-towards-protocol-enforced-proposer-commitments-pepc/13879/4?u=barnabe,2022-10-16
FraxLend risk management model,,,
Frequent Batch Auction on SUAVE - SUAVE - The Flashbots Collective,https://collective.flashbots.net/u/Alphaist,https://collective.flashbots.net/t/frequent-batch-auction-on-suave/3104,2024-02-26
Analyzing BFT & Proposer-Promised Preconfirmations - Layer 2 - Ethereum Research,https://ethresear.ch/u/ed,https://ethresear.ch/t/analyzing-bft-proposer-promised-preconfirmations/17963,2023-12-24
"SUAVE, Anoma, Shared Sequencers, & Super Builders",Jon Charbonneau,https://dba.xyz/suave-anoma-shared-sequencers-super-builders/,2023-04-26
Diving Into The Ethereum Virtual Machine | by zh | Qtum,zh,https://blog.qtum.org/diving-into-the-ethereum-vm-6e8d5d2f3c30,2017-08-06
Open sourcing the Flashbots Builder,https://collective.flashbots.net/u/flashbots,https://writings.flashbots.net/open-sourcing-the-flashbots-builder,2022-11-18
"An Overview of NFT Financialization | by Fenbushi Capital | ÂàÜÂ∏ÉÂºèËµÑÊú¨ | Dec, 2023 | Medium",Fenbushi Capital | ÂàÜÂ∏ÉÂºèËµÑÊú¨,https://fenbushicapital.medium.com/an-overview-of-nft-financialization-c7bcc4181f35,2023-12-24
"Short Note on {Monarch, Moloch, Mafia} Extractable Value - HackMD",sxysun,https://hackmd.io/@sxysun/short-note-ext,2022-11-06
Based rollups‚Äîsuperpowers from L1 sequencing - Layer 2 - Ethereum Research,https://ethresear.ch/u/JustinDrake,https://ethresear.ch/t/based-rollups-superpowers-from-l1-sequencing/15016,2023-03-10
Quantifying MEV‚ÄîIntroducing MEV-Explore v0,https://collective.flashbots.net/u/obadiaa,https://writings.flashbots.net/quantifying-mev,2021-02-22
Solodit Joins the Cyfrin Ecosystem,,,
"Skimming Rewards Withdraws, and Exiting now Enabled",mev.io,https://blog.mev.io/posts/Skimming-Rewards-dec-07-23,2023-12-07
mev [re]search-athon ([sign up](https://lu.ma/bs3kx2pr)) - HackMD,Carboclanc,https://hackmd.io/@Carboclanc/H1ZvjQmAj,2023-02-22
A Quick Garbled Circuits Primer,Vitalik Buterin,https://vitalik.eth.limo/general/2020/03/21/garbled.html,2020-03-21
Uncle risk/MEV miner fee calculation - HackMD,nan,https://notes.ethereum.org/@barnabe/rk5ue1WF_,nan
Structuring Blockspace Derivatives ‚Äî Julian Ma,Julian Ma,https://mirror.xyz/0x03c29504CEcCa30B93FF5774183a1358D41fbeB1/WKa3GFC03uY34d2MufTyD0c595xVRUEZi9RNG-dHNKs,2022-10-21
A beginner‚Äôs guide to buying an ENS domain | by Nick Johnson | Medium,Nick Johnson,https://weka.medium.com/a-beginners-guide-to-buying-an-ens-domain-3ccac2bdc770,2017-05-10
What kind of layer 3s make sense?,Vitalik Buterin,https://vitalik.eth.limo/general/2022/09/17/layer_3.html,2022-09-17
On Increasing the Block Gas Limit - Economics - Ethereum Research,https://ethresear.ch/u/Nerolation,https://ethresear.ch/t/on-increasing-the-block-gas-limit/18567?u=nerolation,2024-02-05
Opportunities and Considerations of Ethereum‚Äôs Blockspace Future,by Drew Van der Werff and Alex Matthews of BH Digital in collaboration with Frontier.,https://frontier.tech/ethereums-blockspace-future,nan
Retroactive Public Goods Funding. Note: The Optimism team has long been‚Ä¶ | by Optimism | Optimism PBC Blog | Medium,Optimism,https://medium.com/ethereum-optimism/retroactive-public-goods-funding-33c9b7d00f0c,2021-07-20
All You Need to Know About Compression on Solana,0xIchigo,https://www.helius.dev/blog/all-you-need-to-know-about-compression-on-solana,2023-11-30
Reversible Transactions on Ethereum: ERC-20R and ERC-721R | by Dan Boneh | Medium,Dan Boneh,https://medium.com/@boneh/reversible-transactions-on-ethereum-erc-20r-and-erc-721r-9e82de67b696,2022-08-02
Moving beyond coin voting governance,Vitalik Buterin,https://vitalik.eth.limo/general/2021/08/16/voting3.html,2021-08-16
"STARKs, Part 3: Into the Weeds",Vitalik Buterin,https://vitalik.eth.limo/general/2018/07/21/starks_part_3.html,2018-07-21
"The Cross-Domain Thesis Part 3.1: Ordering
 ‚Äî Maven11 Research",Maven11 Research,https://maven11.mirror.xyz/4EWfWgqJGNQufJOXe66aqmYTttu9r0o3sArMLZVbNyo,2024-01-09
Programmable Privacy - HackMD,sxysun,https://hackmd.io/@sxysun/progpriv,2023-03-15
Flashbots Transparency Report ‚Äî January 2021,https://collective.flashbots.net/u/thegostep,https://writings.flashbots.net/transparency-january,2021-02-07
The Open Problems of Onchain Games,nan,https://www.paradigm.xyz/2023/08/onchain-games,nan
Congestion control and eip1559,nan,https://barnabe.substack.com/p/congestion-control-and-eip1559,nan
EVM Deep Dives: The Path to Shadowy Super Coder ü•∑ üíª - Part 2,nan,https://noxx.substack.com/p/evm-deep-dives-the-path-to-shadowy-d6b?s=r&ref=zaryabs.com,nan
How to munch on pickles from a whale dinner | by Tomasz Mierzwa | Token Flow Insights | Medium,Tomasz Mierzwa,https://medium.com/token-flow-insights/how-to-munch-on-pickles-from-a-whale-dinner-edb5628cc769,2020-09-25
In Defense of Bitcoin Maximalism,Vitalik Buterin,https://vitalik.eth.limo/general/2022/04/01/maximalist.html,2022-04-01
Defining the Latencies involved in MEV Strategies ‚Äî Taker,Taker,https://taker.mirror.xyz/uYOelwkLc4K7nlo5XV_zpuqsV6MwIMMp-py4e-u4qnE,2023-03-14
"Tokemak (v2): Introducing LMPs, Autopilot, and the DAO Liquidity Marketplace | by Tokemak | Tokemak | Medium",Tokemak,https://medium.com/tokemak/tokemak-v2-introducing-lmps-autopilot-and-the-dao-liquidity-marketplace-86b8ec0656a,2023-05-17
The Limits to Blockchain Scalability,Vitalik Buterin,https://vitalik.eth.limo/general/2021/05/23/scaling.html,2021-05-23
Competitive vs Private Audits - Pros and Cons | The full comparison,,,
CAKE Working Group,"To join the CAKE Working Group, apply here.",https://frontier.tech/cake-working-group,nan
[Mirror] Cantor was Wrong: debunking the infinite set hierarchy,Vitalik Buterin,https://vitalik.eth.limo/general/2019/04/01/cantor.html,2019-04-01
Merge Anniversary - A Year In Review - The Flashbots Ship - The Flashbots Collective,https://collective.flashbots.net/u/Fred,https://collective.flashbots.net/t/merge-anniversary-a-year-in-review/2400,2023-11-14
"Sangria: A PLONK-ish folding scheme | by Crypto Fairy | Feb, 2024 | Medium",Crypto Fairy,https://medium.com/@cryptofairy/sangria-a-plonk-ish-folding-scheme-2271204d2285,2024-02-13
Discrimination of Toxic Flow in Uniswap V3: Part 2 | by CrocSwap | Medium,CrocSwap,https://crocswap.medium.com/discrimination-of-toxic-flow-in-uniswap-v3-part-2-21d84aaa33f5,2023-02-06
Smart Contract Auditor Salary | How much do auditors make?,,,
Wintermute DeFi Governance Digest ‚Äî September 2023 | Week 1 | by Callen | Wintermute | Medium,Callen,https://medium.com/wintermute-trading/wintermute-defi-governance-digest-september-2023-week-1-cb4fc6c24db2,2023-09-04
How To Light Up The Dark Forest - A Walkthrough of Building A Cryptopunk MEV Inspector,https://collective.flashbots.net/u/robert,https://writings.flashbots.net/the-anatomy-of-an-inspector,2021-12-15
Trustless Bitcoin Bridge Creation with Witness Encryption - Cryptography - Ethereum Research,https://ethresear.ch/u/leohio,https://ethresear.ch/t/trustless-bitcoin-bridge-creation-with-witness-encryption/11953,2022-02-06
"Solana Nodes ‚Äî A Primer on Solana RPCs, Validators, and RPC providers",Mert Mumtaz,https://www.helius.dev/blog/solana-nodes-a-primer-on-solana-rpcs-validators-and-rpc-providers,2024-01-15
MEV-SGX: A sealed bid MEV auction design - #14 by yoavw - Economics - Ethereum Research,https://ethresear.ch/u/bertmiller,https://ethresear.ch/t/mev-sgx-a-sealed-bid-mev-auction-design/9677/14,2021-06-08
Cascading Network Effects on Ethereum's Finality - Consensus - Ethereum Research,https://ethresear.ch/u/soispoke,https://ethresear.ch/t/cascading-network-effects-on-ethereums-finality/15871,2023-06-13
Backrunning Private Transactions Using Multi-Party Computation,https://collective.flashbots.net/u/ra,https://writings.flashbots.net/backrunning-private-txs-MPC,2023-02-27
Sharding FAQ,Vitalik Buterin,https://vitalik.eth.limo/general/2017/12/31/sharding_faq.html,2017-12-31
Algebraic Geometry Codes. Data is usually stored and transferred‚Ä¶ | by Ignacio Manzur Tomasini | Nethermind.eth | Medium,Ignacio Manzur Tomasini,https://medium.com/nethermind-eth/algebraic-geometry-codes-8b760f03b5d3,2023-04-03
Three dichotomies in ePBS - Proof-of-Stake - Ethereum Research,https://ethresear.ch/u/potuz,https://ethresear.ch/t/three-dichotomies-in-epbs/16267,2023-08-03
A new NFT launch strategy: The wave mint,nan,https://a16zcrypto.com/posts/article/a-new-nft-launch-strategy-the-wave-mint/,nan
Why sharding is great: demystifying the technical properties,Vitalik Buterin,https://vitalik.eth.limo/general/2021/04/07/sharding.html,2021-04-07
Timing Games: Implications and Possible Mitigations - Proof-of-Stake - Ethereum Research,https://ethresear.ch/u/casparschwa,https://ethresear.ch/t/timing-games-implications-and-possible-mitigations/17612,2023-12-05
A tour of Verifiable Secret Sharing schemes and Distributed Key Generation protocols. | by Ignacio Manzur Tomasini | Nethermind.eth | Medium,Ignacio Manzur Tomasini,https://medium.com/nethermind-eth/a-tour-of-verifiable-secret-sharing-schemes-and-distributed-key-generation-protocols-3c814e0d47e1,2022-08-25
Why enshrine Proposer-Builder Separation? A viable path to ePBS - Proof-of-Stake - Ethereum Research,https://ethresear.ch/u/mikeneuder,https://ethresear.ch/t/why-enshrine-proposer-builder-separation-a-viable-path-to-epbs/15710,2023-05-25
Searching Post-Merge,https://collective.flashbots.net/u/brock,https://writings.flashbots.net/searching-post-merge,2022-08-25
PBS censorship-resistance alternatives - HackMD,fradamt,https://notes.ethereum.org/@fradamt/H1TsYRfJc,nan
Deconstructing a Solidity Contract ‚ÄîPart I: Introduction,OpenZeppelin,https://blog.openzeppelin.com/deconstructing-a-solidity-contract-part-i-introduction-832efd2d7737?ref=zaryabs.com,2018-08-13
